title,price,point,image
گوشی موبایل اپل مدل iPhone 16 CH دو سیم کارت ظرفیت 128 گیگابایت و رم 8 گیگابایت,"۳۰۹,۸۱۱,۲۵۰",۴.۶,https://dkstatics-public.digikala.com/digikala-products/5af568b4909435c6a215ad5e728e902db234b673_1736597759.jpg?x-oss-process=image/resize
گوشی موبایل اپل مدل iPhone 16 CH دو سیم کارت ظرفیت 256 گیگابایت و رم 8 گیگابایت,"۳۱۹,۹۹۹,۰۰۰",۴.۶,https://dkstatics-public.digikala.com/digikala-products/6087dc7f8662ac9e9b175f512a27c9548686b3af_1736597894.jpg?x-oss-process=image/resize
گوشی موبایل اپل مدل iPhone 16 Pro Max ZAA دو سیم کارت ظرفیت 256 گیگابایت و رم 8 گیگابایت,۶٪,۴.۵,https://dkstatics-public.digikala.com/digikala-products/48daaebd4cb7706cce21ce8b5e485d6fdafa6bd1_1736598863.jpg?x-oss-process=image/resize
گوشی موبایل اپل مدل iPhone 17 CH دو سیم کارت ظرفیت 256 گیگابایت و رم 8 گیگابایت - نات اکتیو,"۳۴۹,۹۹۹,۰۰۰",۴.۷,https://dkstatics-public.digikala.com/digikala-products/0a8fff942ea8ee0359edadad85daae399b0e357c_1763462145.jpg?x-oss-process=image/resize
تبلت 13 اینچ اپل مدل IPad Pro 2025 M5 Wi-Fi ظرفیت 2 ترابایت و رم 16 گیگابایت، رزولوشن دوربین 12 مگاپیکسل، پشتیبانی از قلم و کیبورد,"۴۱۱,۶۹۰,۰۰۰",NULL,https://dkstatics-public.digikala.com/digikala-products/b7bc216f95a66b8dd5a483398b58d2e66a9a6854_1787918316.jpg?x-oss-process=image/resize
تبلت ۱۱ اینچ اپل مدل IPad Pro 2025 M5 Wi-Fi ظرفیت 256 گیگابایت و رم 12 گیگابایت، رزولوشن دوربین 12 مگاپیکسل، پشتیبانی از قلم و کیبورد,"۲۶۱,۴۲۰,۰۰۰",۴.۶,https://dkstatics-public.digikala.com/digikala-products/72e9ac30b3359eee8702b52d625d06fe0a9a122b_1787918316.jpg?x-oss-process=image/resize
تبلت 13 اینچ اپل مدل IPad Pro 2025 M5 Wi-Fi ظرفیت 256 گیگابایت و رم 12 گیگابایت، رزولوشن دوربین 12 مگاپیکسل، پشتیبانی از قلم و کیبورد,"۲۹۵,۹۹۰,۰۰۰",۴.۹,https://dkstatics-public.digikala.com/digikala-products/452616cb157a60cde92a94fd7204637d322fb94e_1787918316.jpg?x-oss-process=image/resize
تبلت 11 اینچ اپل مدل iPad Air 2026 M4 Wi-Fi ظرفیت 1 ترابایت و رم 12 گیگابایت، رزولوشن دوربین اصلی ۱۲ مگاپیکسل، پشتیبانی از قلم و کیبورد,"۳۰۸,۹۹۰,۰۰۰",NULL,https://dkstatics-public.digikala.com/digikala-products/61d965a818b5f5b2062df43682cbd3e43ede284d_1776068623.jpg?x-oss-process=image/resize
تبلت 13 اینچ اپل مدل IPad Pro 2025 M5 Wi-Fi ظرفیت 512 گیگابایت و رم 12 گیگابایت، رزولوشن دوربین 12 مگاپیکسل، پشتیبانی از قلم و کیبورد,"۳۴۴,۹۹۰,۰۰۰",۴.۴,https://dkstatics-public.digikala.com/digikala-products/ba1d04bb10b2fa412cb6ad3d283e8da34caf2b19_1787918316.jpg?x-oss-process=image/resize
گوشی موبایل سامسونگ مدل Galaxy S26 Plus دو سیم کارت ظرفیت 256 گیگابایت و رم 12 گیگابایت,"۳۵۵,۰۰۰,۰۰۰",۱,https://dkstatics-public.digikala.com/digikala-products/5257c703e6c19881d963a5989f6b2263bf2b9986_1772116542.jpg?x-oss-process=image/resize
گوشی موبایل سامسونگ مدل Galaxy S26 Plus دو سیم کارت ظرفیت 256 گیگابایت و رم 12 گیگابایت - ویتنام,"۳۳۰,۰۰۰,۰۰۰",۵,https://dkstatics-public.digikala.com/digikala-products/5257c703e6c19881d963a5989f6b2263bf2b9986_1772116231.jpg?x-oss-process=image/resize
کامپیوتر کوچک اپل مدل Mac Mini MCX44 2024 LLA-M4 Pro-24GB RAM-512GB SSD,"۴۱۹,۹۹۰,۰۰۰",۵,https://dkstatics-public.digikala.com/digikala-products/26fbba3e132a4f905fc8fccb1aa83e985407eff1_1730277001.jpg?x-oss-process=image/resize
دوربین دیجیتال بدون آینه کانن مدل EOS R10 با لنز ۱۸ - ۱۵۰ میلی‌متر f/3.5 - f/6.3,"۲۵۶,۷۸۰,۰۰۰",۳.۹,https://dkstatics-public.digikala.com/digikala-products/4c21a417fac36cea9f1e0e29c3da38bb34ba5f87_1786911150.jpg?x-oss-process=image/resize
تبلت 13 اینچ اپل مدل iPad Air 2026 M4 Wi-Fi ظرفیت 256 گیگابایت و رم 12 گیگابایت، رزولوشن دوربین اصلی ۱۲ مگاپیکسل، پشتیبانی از قلم و کیبورد,"۲۵۰,۵۸۰,۰۰۰",۵,https://dkstatics-public.digikala.com/digikala-products/c5a606e022df4bc36c76d605d3a217fd150ebf66_1787918318.jpg?x-oss-process=image/resize
تبلت 13 اینچ اپل مدل iPad Pro 2024 M4 Wi-Fi ظرفیت 512 گیگابایت و رم 8 گیگابایت,"۲۹۱,۹۹۰,۰۰۰",۴.۱,https://dkstatics-public.digikala.com/digikala-products/b00a47cc224c8bbf24370fd75339138f2edde0dc_1787918312.jpg?x-oss-process=image/resize
تبلت ۱۱ اینچ اپل مدل IPad Pro 2025 M5 Wi-Fi ظرفیت 512 گیگابایت و رم 12 گیگابایت، رزولوشن دوربین 12 مگاپیکسل، پشتیبانی از قلم و کیبورد,"۲۹۷,۶۹۰,۰۰۰",NULL,https://dkstatics-public.digikala.com/digikala-products/53e3c2991c6ec1ffb16c808fed713d92ec5bb4c0_1787918316.jpg?x-oss-process=image/resize
تبلت 13 اینچ اپل مدل IPad Pro 2025 M5 Wi-Fi ظرفیت 1 ترابایت و رم 16 گیگابایت، رزولوشن دوربین 12 مگاپیکسل، پشتیبانی از قلم و کیبورد,"۳۸۶,۰۹۰,۰۰۰",۵,https://dkstatics-public.digikala.com/digikala-products/dac4ae59f093faec91a7f72439adcff3e9ba3680_1787918316.jpg?x-oss-process=image/resize
لپ تاپ 13.6 اینچی اپل مدل MacBook Air MDH94 2026 LLA-M5-24GB RAM-1TB SSD,"۴۲۸,۳۷۰,۰۰۰",۵,https://dkstatics-public.digikala.com/digikala-products/58c86ec24632228da4740fed98c28aac2e9af9d9_1777455225.jpg?x-oss-process=image/resize
تبلت 11 اینچ اپل مدل iPad Air 2026 M4 Wi-Fi ظرفیت 512 گیگابایت و رم 12 گیگابایت، رزولوشن دوربین اصلی ۱۲ مگاپیکسل، پشتیبانی از قلم و کیبورد,"۲۵۷,۶۹۰,۰۰۰",NULL,https://dkstatics-public.digikala.com/digikala-products/e9afce54f71d17363ad9f318fd16eab74cb512b2_1787918318.jpg?x-oss-process=image/resize
لپ تاپ 13.6 اینچی اپل مدل MacBook Air MDHF4 2026 LLA-M5-16GB RAM-1TB SSD,"۳۶۸,۷۹۰,۰۰۰",۵,https://dkstatics-public.digikala.com/digikala-products/38e75de680cdb33546435539584f284033dc63d5_1777451659.jpg?x-oss-process=image/resize
تبلت 13 اینچ اپل مدل IPad Pro 2025 M5 Wi-Fi Nano-Texture ظرفیت 1 ترابایت و رم 16 گیگابایت، رزولوشن دوربین 12 مگاپیکسل، پشتیبانی از قلم و کیبورد,"۳۹۵,۶۹۰,۰۰۰",NULL,https://dkstatics-public.digikala.com/digikala-products/4736082ef7a7bfc5e3765afe920fbc961a2a2f60_1787918317.jpg?x-oss-process=image/resize
لپ تاپ 13.6 اینچی اپل مدل MacBook Air MDHD4 2026 LLA-M5-24GB RAM-1TB SSD,"۴۲۷,۷۸۰,۰۰۰",NULL,https://dkstatics-public.digikala.com/digikala-products/edb3a1caf44a32a7ea85f25ba709648799c91cc5_1777455045.jpg?x-oss-process=image/resize
گوشی موبایل سامسونگ مدل Galaxy S26 Ultra دو سیم‌کارت ظرفیت 256 گیگابایت و رم 12 گیگابایت - ویتنام,"۳۵۰,۸۹۹,۰۰۰",۴.۶,https://dkstatics-public.digikala.com/digikala-products/f763c68074bc2007562135176a588d2324593b63_1779812739.jpg?x-oss-process=image/resize
لپ تاپ 15.3 اینچی اپل مدل MacBook Air MDVK4 2026 LLA-M5-16GB RAM-1TB SSD,"۴۲۱,۸۵۰,۰۰۰",۱,https://dkstatics-public.digikala.com/digikala-products/38e75de680cdb33546435539584f284033dc63d5_1777701394.jpg?x-oss-process=image/resize
تبلت 13 اینچ اپل مدل iPad Air 2026 M4 Wi-Fi ظرفیت 512 گیگابایت و رم 12 گیگابایت، رزولوشن دوربین اصلی ۱۲ مگاپیکسل، پشتیبانی از قلم و کیبورد,"۲۹۴,۹۹۰,۰۰۰",۵,https://dkstatics-public.digikala.com/digikala-products/3b669ed8c91ccee0fe9b2bb4ab69eab1651aaa00_1787918318.jpg?x-oss-process=image/resize
لپ تاپ 15.3 اینچی اپل مدل MacBook Air MDVA4 2026 LLA-M5-16GB RAM-1TB SSD,"۴۲۶,۹۹۰,۰۰۰",NULL,https://dkstatics-public.digikala.com/digikala-products/8d3b3fe2a0f1594c74ac2c5d2a07951a4334dbcf_1777702352.jpg?x-oss-process=image/resize
لپ تاپ 13.6 اینچی اپل مدل MacBook Air MDH74 2026 LLA-M5-16GB RAM-512GB SSD,"۳۶۰,۷۰۰,۰۰۰",۴.۸,https://dkstatics-public.digikala.com/digikala-products/c74e784759da749752f2d9a84ec6c9dd0688de16_1786538644.jpg?x-oss-process=image/resize
لپ تاپ 13.6 اینچی اپل مدل MacBook Air MDHE4 2026 LLA-M5-16GB RAM-512GB SSD,"۳۵۳,۸۳۰,۰۰۰",۴.۸,https://dkstatics-public.digikala.com/digikala-products/38e75de680cdb33546435539584f284033dc63d5_1777384263.jpg?x-oss-process=image/resize
لپ‌تاپ اپل مدل MacBook Air MW1L3 2025 LLA با پردازنده Apple M4، رم 16GB، حافظه SSD با ظرفیت 256GB، نمایشگر 15.3 اینچ Retina، دارای نور پس‌زمینه کیبورد، حسگر اثر انگشت، سیستم‌عامل Apple Mac OS,"۳۵۶,۷۹۰,۰۰۰",۵,https://dkstatics-public.digikala.com/digikala-products/65ee8871082e02a9bfbdde3e6219c1056d82d839_1754241650.jpg?x-oss-process=image/resize
لپ تاپ 15.3 اینچی اپل مدل MacBook Air MDVQ4 2026 LLA-M5-16GB RAM-512GB SSD,"۳۸۲,۷۵۰,۰۰۰",۵,https://dkstatics-public.digikala.com/digikala-products/d3e96f0d0d20b098a6ef1d7d74dd0514e8e0c43e_1786538643.jpg?x-oss-process=image/resize
لپ تاپ 15.3 اینچی اپل مدل MacBook Air MDV94 2026 LLA-M5-16GB RAM-512GB SSD,"۳۹۰,۹۸۰,۰۰۰",۴.۲,https://dkstatics-public.digikala.com/digikala-products/83ac6de4561e708f2fe6057999a747e50f59bc33_1786538643.jpg?x-oss-process=image/resize
تبلت ۱۴.۶ اینچ سامسونگ مدل Galaxy Tab S11 Ultra ظرفیت 256 گیگابایت و رم 12 گیگابایت، قابلیت پشتیبانی از سیم کارت، رزولوشن دوربین ۱۳ مگاپیکسل، پشتیبانی از قلم و کیبورد,"۳۵۷,۷۹۰,۰۰۰",۴.۳,https://dkstatics-public.digikala.com/digikala-products/0b8aca56792b007e06e853d365c24539897d2895_1787918318.jpg?x-oss-process=image/resize
گوشی موبایل شیائومی مدل 15 Ultra دو سیم کارت ظرفیت 512 گیگابایت و رم 16 گیگابایت,"۴۲۰,۰۰۰,۰۰۰",۴.۶,https://dkstatics-public.digikala.com/digikala-products/b9187068494d3beb60086b17e921df353627dd79_1754482214.jpg?x-oss-process=image/resize
ساعت هوشمند 51 میلی متری گارمین مدل Tactix 8 AMOLED با بند سیلیکونی,"۴۳۲,۰۰۰,۰۰۰",۵,https://dkstatics-public.digikala.com/digikala-products/07d39ac94926aa1f294dc35ab6185f00ac7895ba_1747419304.jpg?x-oss-process=image/resize
ساعت هوشمند 51 میلی‌متری گارمین مدل Fenix 8 Pro با بند سیلیکونی,"۳۵۵,۳۰۰,۰۰۰",NULL,https://dkstatics-public.digikala.com/digikala-products/58d0a2fca007832ac73cf0627f674c66f62ec158_1764775146.jpg?x-oss-process=image/resize
ساعت هوشمند 47 میلی‌متری گارمین مدل Fenix 8 Solar Sapphire با بند سیلیکونی,"۲۷۸,۰۰۰,۰۰۰",۵,https://dkstatics-public.digikala.com/digikala-products/1a43f53e30ce37e5375b42db990caca007a8e216_1770470762.jpg?x-oss-process=image/resize
تبلت 12.4 اینچ سامسونگ مدل Galaxy Tab S10 Plus 5G ظرفیت 256 گیگابایت و رم 12 گیگابایت,"۲۶۴,۹۹۰,۰۰۰",۱,https://dkstatics-public.digikala.com/digikala-products/dbc83f736096d765dff406e079de52b47a30b0ac_1787918313.jpg?x-oss-process=image/resize
تبلت ۱۴.۶ اینچ سامسونگ مدل Galaxy Tab S11 Ultra Wi-Fi ظرفیت 256 گیگابایت و رم 12 گیگابایت، رزولوشن دوربین ۱۳ مگاپیکسل، پشتیبانی از قلم و کیبورد,"۲۵۳,۷۹۰,۰۰۰",۵,https://dkstatics-public.digikala.com/digikala-products/60db840aebd9c6b5f3a5317fe843f57d2d50bbb8_1787918317.jpg?x-oss-process=image/resize
گوشی موبایل سامسونگ مدل Galaxy S26 Ultra دو سیم‌کارت ظرفیت 256 گیگابایت و رم 12 گیگابایت - ویتنام - به همراه شارژر 50 وات دو پورت سامسونگ,"۳۵۸,۰۰۰,۰۰۰",۲.۵,https://dkstatics-public.digikala.com/digikala-products/7478ac0aee141ea00d33cb574342ae30d320466b_1779809865.jpg?x-oss-process=image/resize
لپ تاپ 13.6 اینچی اپل مدل MacBook Air MDHC4 2026 LLA-M5-16GB RAM-1TB SSD,"۳۶۰,۴۹۰,۰۰۰",NULL,https://dkstatics-public.digikala.com/digikala-products/edb3a1caf44a32a7ea85f25ba709648799c91cc5_1777452617.jpg?x-oss-process=image/resize
دستگاه فیوژن فیبر نوری کامپ تایکو مدل A-88S,"۲۷۳,۳۰۰,۰۰۰",NULL,https://dkstatics-public.digikala.com/digikala-products/437e5bb3f8a6816b6da76543cdde3edbd3b7d5cf_1779603185.jpg?x-oss-process=image/resize
لپ تاپ 13.6 اینچی اپل مدل MacBook Air MDHH4 2026 LLA-M5-16GB RAM-512GB SSD,"۳۴۶,۷۷۰,۰۰۰",۴.۵,https://dkstatics-public.digikala.com/digikala-products/6feca9c76800351a1017075a89c1eb062feb48b2_1777448687.jpg?x-oss-process=image/resize
لپ تاپ 13.6 اینچی اپل مدل MacBook Air MDHJ4 2026 LLA-M5-16GB RAM-1TB SSD,"۳۶۲,۶۹۰,۰۰۰",۴,https://dkstatics-public.digikala.com/digikala-products/6feca9c76800351a1017075a89c1eb062feb48b2_1777452106.jpg?x-oss-process=image/resize
لپ تاپ 13.6 اینچی اپل مدل MacBook Air MDHG4 2026 LLA-M5-24GB RAM-1TB SSD,"۴۲۹,۱۷۰,۰۰۰",NULL,https://dkstatics-public.digikala.com/digikala-products/38e75de680cdb33546435539584f284033dc63d5_1777454596.jpg?x-oss-process=image/resize
گوشی موبایل سامسونگ مدل Galaxy S25 Ultra دو سیم کارت ظرفیت 256 گیگابایت و رم 12 گیگابایت - پک ویتنام,"۳۰۹,۵۰۰,۰۰۰",۴.۶,https://dkstatics-public.digikala.com/digikala-products/2342ad87776c9801a8116d41950cb5909bddc16b_1738145086.jpg?x-oss-process=image/resize
دوربین دیجیتال بدون آینه کانن مدل EOS R8 RF 24-50mm F4.5-6.3 IS STM,"۲۸۰,۵۰۰,۰۰۰",۵,https://dkstatics-public.digikala.com/digikala-products/29fe8e8a100c46ef97e780e48738d8215d01eb39_1754250318.jpg?x-oss-process=image/resize
ساعت هوشمند گارمین مدل Fenix 8 - 47mm دارای قابلیت های صفحه نمایش لمسی، کنترل موسیقی، کنترل سطح اکسیژن خون، ضد آب، بند تیتانیوم,"۳۷۴,۰۰۰,۰۰۰",۵,https://dkstatics-public.digikala.com/digikala-products/737783b02c0373c039046b9bb88fa982246b040a_1734433568.jpg?x-oss-process=image/resize
لپ تاپ 13.6 اینچی اپل مدل MacBook Air MDHA4 2026 LLA-M5-16GB RAM-512GB SSD,"۳۵۱,۹۹۹,۰۰۰",۴.۷,https://dkstatics-public.digikala.com/digikala-products/d1547d221145d4f8757ab77ee2e92ffe4643a986_1786538644.jpg?x-oss-process=image/resize
کامپیوتر دسکتاپ فاطر مدل HA-GameMaster|112,"۲۷۰,۰۰۰,۰۰۰",۳,https://dkstatics-public.digikala.com/digikala-products/e16c07b1af8e197982a6e3b50e45a46d606b6285_1768382099.jpg?x-oss-process=image/resize
لپ تاپ 15.3 اینچی اپل مدل MacBook Air MW1K3 2025 LLA-M4-16GB Ram-512GB SSD,"۳۶۸,۰۲۰,۰۰۰",۴.۳,https://dkstatics-public.digikala.com/digikala-products/bd6e15337e2b21c7ca4d19f58f39bd2aa0254566_1746007250.jpg?x-oss-process=image/resize
لپ تاپ 15.3 اینچی اپل مدل MacBook Air MDVH4 2026 LLA-M5-16GB RAM-512GB SSD,"۳۸۵,۹۰۰,۰۰۰",۴.۷,https://dkstatics-public.digikala.com/digikala-products/87db0fb22a690ccf1eef5d3cdb11965ab375c020_1786538644.jpg?x-oss-process=image/resize
تلویزیون ال ای دی هوشمند جی پلاس مدل GTV-98SQ866S سایز 98 اینچ,"۴۲۰,۰۰۰,۰۰۰",NULL,https://dkstatics-public.digikala.com/digikala-products/0848ae078a3d611ca41706ad04b2377159f28937_1745499315.jpg?x-oss-process=image/resize
پیانو دیجیتال کاوایی مدل ES-120,۱۰٪,NULL,https://dkstatics-public.digikala.com/digikala-products/938bd9501888c8a6db61d7e2c764a3da9d3dd569_1787678097.jpg?x-oss-process=image/resize
لپ تاپ 15.6 اینچی ام اس آی مدل Katana 15 HX B14WFK-i9 14900HX-RTX5060 8GB-16GB DDR5 5600MHz-1TB SSD-QHD 165Hz,"۳۹۷,۹۰۰,۰۰۰",۴.۴,https://dkstatics-public.digikala.com/digikala-products/1a7403c08ac6019f159ebdda200c3732324f8a99_1786538645.jpg?x-oss-process=image/resize
تبلت ۱۱ اینچ اپل مدل IPad Pro 2025 M5 Wi-Fi ظرفیت 1 ترابایت و رم 16 گیگابایت، رزولوشن دوربین 12 مگاپیکسل، پشتیبانی از قلم و کیبورد,"۳۹۷,۸۹۰,۰۰۰",NULL,https://dkstatics-public.digikala.com/digikala-products/538b533845d329896ced923f76ef431adb64b5f5_1771426153.jpg?x-oss-process=image/resize
تبلت 13 اینچی مایکروسافت مدل Surface Pro 11-Snapdragon X Plus LCD ظرفیت 512 گیگابایت و رم 16 گیگابایت به همراه کیبورد Surface Pro Copilot و قلم Slim Pen 2,"۳۹۶,۰۷۰,۰۰۰",۴.۵,https://dkstatics-public.digikala.com/digikala-products/3fb1d1e3d4302815cbe43bf27aadd37a4e883e5e_1787918314.jpg?x-oss-process=image/resize
دستبند النگویی طلا 18 عیار زنانه طلای کامک مدل لاو کارتیه سایز یک,۵٪,۳.۵,https://dkstatics-public.digikala.com/digikala-products/5c2e762bedd6b249774f35aec7edf52ce0606473_1763469082.jpg?x-oss-process=image/resize
گوشی موبایل سامسونگ مدل Galaxy S25 Ultra دو سیم کارت ظرفیت 256 گیگابایت و رم 12 گیگابایت - پک ویتنام - به همراه شارژر 45 وات سامسونگ,"۳۱۴,۷۷۵,۰۰۰",۴.۶,https://dkstatics-public.digikala.com/digikala-products/5fd2fed4b450f8e8989f9e7eb1e32115abd72a03_1739977772.jpg?x-oss-process=image/resize
لپ تاپ 15.3 اینچی اپل مدل MacBook Air MDVD4 2026 LLA-M5-16GB RAM-512GB SSD,"۳۸۴,۴۵۰,۰۰۰",۴.۵,https://dkstatics-public.digikala.com/digikala-products/5bbbdbaad87560b8fb402592dfca47bb3f812eeb_1786538644.jpg?x-oss-process=image/resize
دوربین دیجیتال بدون آینه کانن مدل EOS R7 Kit RF18-150mm IS STM,"۳۲۰,۰۰۰,۰۰۰",۵,https://dkstatics-public.digikala.com/digikala-products/edcfcf58aadf697b12d0ebb4c540daad21c7dd3d_1786911151.jpg?x-oss-process=image/resize
دوربین دیجیتال بدون آینه سونی مدل A7III بدون لنز,"۳۰۰,۰۰۰,۰۰۰",NULL,https://dkstatics-public.digikala.com/digikala-products/a9cd824d9d865dcf77cc364506099bf7417853a5_1786911149.jpg?x-oss-process=image/resize
کامپیوتر دسکتاپ تک زون مدل TZ13400F Animation WorkStation Pro,"۲۵۱,۰۰۰,۰۰۰",NULL,https://dkstatics-public.digikala.com/digikala-products/e3d88e75728e71709435d7bddb26216292f3bac2_1758115068.jpg?x-oss-process=image/resize
دوربین دیجیتال بدون آینه کانن مدل EOS RP به همراه لنز 24 - 105 میلی‌متر f/4 - f/7.1,"۲۵۰,۰۰۰,۰۰۰",۴.۵,https://dkstatics-public.digikala.com/digikala-products/8041899255e56f89d096936a796e822c585a9e86_1786911150.jpg?x-oss-process=image/resize
تبلت 13 اینچی مایکروسافت مدل Surface Pro 11-Snapdragon X Plus LCD ظرفیت 512 گیگابایت و رم 16 گیگابایت,"۳۳۸,۶۵۰,۰۰۰",۴.۵,https://dkstatics-public.digikala.com/digikala-products/d2bcb62150c087527617806123858638e9dad0f7_1787918312.jpg?x-oss-process=image/resize
تبلت 12 اینچی مایکروسافت مدل Surface Pro-Snapdragon X Plus ظرفیت 512 گیگابایت و رم 16 گیگابایت به همراه کیبورد سرفیس پرو و قلم Slim pen 2,"۳۹۱,۲۹۰,۰۰۰",۵,https://dkstatics-public.digikala.com/digikala-products/9ba30eebb4d2fff368c7655c3fd679f8c805a883_1787918312.jpg?x-oss-process=image/resize
گوشی موبایل سامسونگ مدل Galaxy S23 Ultra دو سیم کارت ظرفیت 256 گیگابایت و رم 12 گیگابایت - ویتنام,"۲۷۰,۰۰۰,۰۰۰",۴.۶,https://dkstatics-public.digikala.com/digikala-products/dd458940260cd00ed0dd634eeca575f9636a76c9_1725964055.jpg?x-oss-process=image/resize
تبلت 12 اینچی مایکروسافت مدل Surface Pro-Snapdragon X Plus ظرفیت 512 گیگابایت و رم 16 گیگابایت,"۳۰۰,۰۰۰,۰۰۰",۴,https://dkstatics-public.digikala.com/digikala-products/108c1857e9349f3fc032b5a9b2e55e9455ea8b90_1787918315.jpg?x-oss-process=image/resize
گوشی موبایل شیائومی مدل 15T Pro دو سیم کارت ظرفیت 1 ترابایت و رم 12 گیگابایت,"۲۷۸,۱۴۱,۳۸۰",۵,https://dkstatics-public.digikala.com/digikala-products/de6e4dff00a7c5a88075010f8fc2801feaef1005_1763390050.jpg?x-oss-process=image/resize
ماشین ظرفشویی 13 نفره بوش مدل SMS8ZDI86Q,"۲۵۵,۰۰۰,۰۰۰",۴,https://dkstatics-public.digikala.com/digikala-products/bb33a54fe98d70787c50479653d3778e13100991_1787422389.jpg?x-oss-process=image/resize
النگو طلا 18 عیار زنانه سکه شیخ مدل آینه ای بسته 6 عددی,۳٪,NULL,https://dkstatics-public.digikala.com/digikala-products/eb79c64909dcdc034e3534d376a34b8bb43220e0_1781162182.jpg?x-oss-process=image/resize
مادربرد گیگابایت مدل Z890 AORUS MASTER,"۲۵۳,۶۰۰,۰۰۰",NULL,https://dkstatics-public.digikala.com/digikala-products/174e0a4b8584b5482c0d1f465743d3ae5dcf736f_1738616801.jpg?x-oss-process=image/resize
یخچال فریزر ساید بای ساید 28 فوت دوو مدل SXi20-11W,"۲۵۰,۰۰۰,۰۰۰",۴.۳,https://dkstatics-public.digikala.com/digikala-products/e5cfdcb17f3ea916eb48d5245396eb0147102125_1755772055.jpg?x-oss-process=image/resize
تلویزیون 85 اینچ کیو ال ای دی هوشمند هایسنس مدل QA85Q7FSHICHD,"۲۹۵,۰۰۰,۰۰۰",۴.۶,https://dkstatics-public.digikala.com/digikala-products/1a3c7c9132fcf37860efec874b6e6da60f8896c1_1777124123.jpg?x-oss-process=image/resize
دستبند طلا 18 عیار زنانه طلای مستجابی مدل پارادایس کد 18,۴٪,۴.۶,https://dkstatics-public.digikala.com/digikala-products/e31e70bfeb381802c1d9998f84f6c5b4ac1bee1f_1713166193.jpg?x-oss-process=image/resize
دستبند طلا 18عیار زنانه کد 2-B141,۴٪,۳.۸,https://dkstatics-public.digikala.com/digikala-products/113395938.jpg?x-oss-process=image/resize
لپ تاپ 16 اینچی اچ‌ پی مدل OmniBook X Flip 16-as0023dx-Core Ultra 7 256V-16GB LPDDR5X 8533MHz-1TB SSD-Touch-Backlit-W,"۲۵۶,۹۰۷,۰۰۰",۴.۴,https://dkstatics-public.digikala.com/digikala-products/8d23c531e075a18e7663bedd36df6cf90983e233_1758570143.jpg?x-oss-process=image/resize
نیم ست طلا 18 عیار زنانه طلای مستجابی کد 006,۶٪,۴.۱,https://dkstatics-public.digikala.com/digikala-products/d41880d062330345953050855588fb0736d5bb17_1744207550.jpg?x-oss-process=image/resize
دستبند طلا 18 عیار مردانه مدل 5746,۵٪,۲.۸,https://dkstatics-public.digikala.com/digikala-products/dd1b26bb1be73a29b40fe731815124d9db66f308_1689008494.jpg?x-oss-process=image/resize
تلویزیون 85 اینچ ال ای دی هوشمند جی پلاس مدل GTV-85SQ878SP,"۲۶۸,۰۰۰,۰۰۰",۴.۳,https://dkstatics-public.digikala.com/digikala-products/c48736583baeb5505e066da483024b5460ff5bbe_1764057676.jpg?x-oss-process=image/resize
تبلت 14.6 اینچ سامسونگ مدل Galaxy Tab S10 Ultra 5G ظرفیت 256 گیگابایت و رم 12 گیگابایت,"۲۸۳,۵۳۰,۰۰۰",۴.۳,https://dkstatics-public.digikala.com/digikala-products/4c3d6b3a51fcef5fb48db3ef5ccb3c96925dea9a_1771425798.jpg?x-oss-process=image/resize
دستبند النگویی طلا 18 عیار زنانه طلای کامک مدل لاو کارتیه سایز دو,۵٪,۱,https://dkstatics-public.digikala.com/digikala-products/5c2e762bedd6b249774f35aec7edf52ce0606473_1763469526.jpg?x-oss-process=image/resize
دستبند طلا 18 عیار زنانه طلای مستجابی مدل پارادایس کد ZS180,۵٪,۴.۴,https://dkstatics-public.digikala.com/digikala-products/5ed4dce0707a383f8a5ab46287e26fa54a44fc6d_1712942795.jpg?x-oss-process=image/resize
لپ تاپ 16 اینچی لنوو مدل ThinkBook 16 G8 IAL-Core Ultra 9 185H-16GB DDR5 5600MHz-512GB SSD-IPS 60Hz-Backlit-Fingerprint,"۲۸۰,۸۰۰,۰۰۰",NULL,https://dkstatics-public.digikala.com/digikala-products/39a3b935fbadaeaa73a954b2f0a9fdec3e56ea78_1784040295.jpg?x-oss-process=image/resize
النگو طلا کم اجرت 18 عیار زنانه مایا ماهک مدل MB2048,۲٪,NULL,https://dkstatics-public.digikala.com/digikala-products/495edcf4b02004e29c973239d597717fe12d860f_1784034993.jpg?x-oss-process=image/resize
اسپرسوساز تمام‌اتوماتیک 1.8 لیتری دلونگی مدل ECAM 450.65 با قابلیت تهیه بیش از 50 نوشیدنی گرم، سرد و کلدبرو، تولید خودکار کف شیر گرم و سرد و آسیاب داخلی,"۲۷۹,۰۰۰,۰۰۰",NULL,https://dkstatics-public.digikala.com/digikala-products/8dbb33662e2b1a70c86bbe03183e40bfe5a30966_1786910255.jpg?x-oss-process=image/resize
لپ تاپ 15.6 اینچی ام اس آی مدل VenturePro 15 A2RWEG-Core 7 240H-RTX5050 8GB-16GB DDR5 4800MHz-1TB SSD-FHD 144Hz,۷٪,NULL,https://dkstatics-public.digikala.com/digikala-products/853f1d0f442cdcf152f479641063552d5f25621f_1779543303.jpg?x-oss-process=image/resize
دوربین دیجیتال بدون آینه سونی مدل ZV-E10 II با لنز ۱۶-۵۰,"۲۸۵,۰۰۰,۰۰۰",NULL,https://dkstatics-public.digikala.com/digikala-products/1aa6f5489cb0c8535120031c9d59d7463b7d5749_1786911155.jpg?x-oss-process=image/resize
تلویزیون ال ای دی هوشمند مکسن مدل 98CU9499Q سایز 98 اینچ,۱۱٪,NULL,https://dkstatics-public.digikala.com/digikala-products/7cc5da1ac257be7ea172aaf4c8dacc56c537bfab_1745602619.jpg?x-oss-process=image/resize
لپ‌تاپ مایکروسافت مدل Surface Laptop 7 Copilot Plus PC با پردازنده Snapdragon X Plus، رم LPDDR5x 16GB، حافظه SSD با ظرفیت 256GB، نمایشگر لمسی 13.8 اینچ PixelSense Flow با نرخ به‌روزرسانی 120Hz، دارای نور پس‌زمینه کیبورد,"۲۷۶,۸۱۰,۰۰۰",۴.۴,https://dkstatics-public.digikala.com/digikala-products/e65da169d0373c56f4d815b1e5388aa4ddddfe39_1754236588.jpg?x-oss-process=image/resize
گوشواره کلیپسی طلا 18 عیار زنانه با طرح رولکس جواهری راز مدل E241-1,۵٪,NULL,https://dkstatics-public.digikala.com/digikala-products/5844c269b8304912d77574237832cd16ca0393a7_1765826795.jpg?x-oss-process=image/resize
تک‌پوش طلا کم اجرت 18 عیار زنانه طلا و شمش برلیان مدل آیسان,۱٪,NULL,https://dkstatics-public.digikala.com/digikala-products/af99050f6dbfc300f5075cfdce1f46af041905b0_1780853450.jpg?x-oss-process=image/resize
لپ تاپ 16 اینچی ایسوس مدل ROG Strix G16 G615JMR-i7 14650HX-RTX5060 8GB-16GB DDR5 5600MHz-1TB SSD-WUXGA 165Hz-W,"۴۱۷,۰۰۰,۰۰۰",۴.۴,https://dkstatics-public.digikala.com/digikala-products/b313762b838a7293cf506b0ffab668c175d1e43f_1786538649.jpg?x-oss-process=image/resize
لپ تاپ 13.8 اینچی مایکروسافت مدل Surface Laptop 7 Copilot Plus PC-Core Ultra 7 266V-16GB LPDDR5x-512GB SSD,"۴۳۳,۰۸۰,۰۰۰",NULL,https://dkstatics-public.digikala.com/digikala-products/04326a4e6e2dca5280da6f8324881507ff242dae_1780649800.jpg?x-oss-process=image/resize
پاور استیشن قابل حمل 2400 وات اکوفلو مدل E 2000(DELTA 2 MAX),"۲۹۵,۰۰۰,۰۰۰",۲,https://dkstatics-public.digikala.com/digikala-products/43d55a7db6f6354b2e6b4312cf20bf19da7e9dd5_1767097684.jpg?x-oss-process=image/resize
انگشتر طلا کم اجرت 18 عیار زنانه با طرح هرمس گالری طلا و جواهر هانی مدل الیزابت سایز 54,"۲۸۷,۱۶۳,۲۸۰",NULL,https://dkstatics-public.digikala.com/digikala-products/7f50f20d391377f7a505c049af3369d1624787a1_1762423036.jpg?x-oss-process=image/resize
تلویزیون 85 اینچ ال ای دی هوشمند جی پلاس مدل GTV-85SQ878S,"۲۹۵,۰۰۰,۰۰۰",NULL,https://dkstatics-public.digikala.com/digikala-products/799ccc00d6198d51a117063e269abf6f2163cccf_1758456071.jpg?x-oss-process=image/resize
گوشی موبایل سامسونگ مدل Galaxy S24 Ultra دو سیم کارت ظرفیت 256 گیگابایت و رم 12 گیگابایت - ویتنام,"۳۱۰,۰۰۰,۰۰۰",۴.۶,https://dkstatics-public.digikala.com/digikala-products/c23b49b0be1c4ae5b2a3d7a3281d2f1731065243_1726037574.jpg?x-oss-process=image/resize
دستبند زنجیری طلا کم اجرت 18 عیار زنانه گالری طلا و جواهر هانی مدل کارتیه,"۲۸۶,۸۹۱,۳۴۰",۴.۳,https://dkstatics-public.digikala.com/digikala-products/6f725b7da4be6adca01d78535769a32e8e219dae_1763748506.jpg?x-oss-process=image/resize
نیم ست طلا 18 عیار زنانه طلای کامک مدل کارتیه,۵٪,۳,https://dkstatics-public.digikala.com/digikala-products/166752b1359675dd72625a8a32cf9bf8669dad87_1763367560.jpg?x-oss-process=image/resize
تبلت 13 اینچ اپل مدل iPad Air 2026 M4 Wi-Fi ظرفیت 1 ترابایت و رم 12 گیگابایت، رزولوشن دوربین اصلی ۱۲ مگاپیکسل، پشتیبانی از قلم و کیبورد,"۳۲۱,۸۹۰,۰۰۰",NULL,https://dkstatics-public.digikala.com/digikala-products/a9ddf95376116ee28f03308f1c3adfc468510455_1776068365.jpg?x-oss-process=image/resize
تلویزیون 65 اینچ ال ای دی هوشمند سونی مدل KD-65X85L,۹٪,۳.۹,https://dkstatics-public.digikala.com/digikala-products/32e6dfef8490a03cc75ab72b708f00bd9547603f_1779628313.jpg?x-oss-process=image/resize
النگو طلا کم اجرت 18 عیار زنانه مایا ماهک مدل MB1949,۲٪,۵,https://dkstatics-public.digikala.com/digikala-products/134465192ebc09df441b55fc9b1e3c2295bedb10_1764055433.jpg?x-oss-process=image/resize
النگو طلا 18 عیار زنانه طلای مستجابی مدل خورشید آوا کد 56324,۸٪,۵,https://dkstatics-public.digikala.com/digikala-products/ed56fe1e9c03c961fc05695804e32c74c7f0d223_1748955509.jpg?x-oss-process=image/resize
گوشی موبایل شیائومی مدل Poco F7 Pro دو سیم کارت ظرفیت 512 گیگابایت و رم 12 گیگابایت,"۲۵۰,۰۰۰,۰۰۰",۴.۳,https://dkstatics-public.digikala.com/digikala-products/06e12c248d520b625c110f1ac15618df347f548f_1766494879.jpg?x-oss-process=image/resize
تک‌پوش طلا کم اجرت 18 عیار زنانه طلا و شمش برلیان مدل گل,۱٪,NULL,https://dkstatics-public.digikala.com/digikala-products/2ec9d7341928975e2f1639d04e7342ab47f20662_1783940366.jpg?x-oss-process=image/resize
جارو رباتیک اکووکس رباتیک مدل X12 Omni Cyclone,"۳۱۹,۹۰۰,۰۰۰",NULL,https://dkstatics-public.digikala.com/digikala-products/59aec2a83aec47a2837191b48840c50e4756a453_1779259248.jpg?x-oss-process=image/resize
دستبند طلا کم اجرت ۱۸ عیار زنانه طلای کامک مدل کارتیه,"۳۳۴,۰۵۹,۱۵۰",۴,https://dkstatics-public.digikala.com/digikala-products/fbcfbaa65d78948f070b1309eff3910a3378f832_1745857718.jpg?x-oss-process=image/resize
تبلت 13 اینچی مایکروسافت مدل Surface Pro 11-Snapdragon X Elite OLED ظرفیت 512 گیگابایت و رم 16 گیگابایت به همراه کیبورد Surface Pro Copilot,"۴۱۰,۶۴۰,۰۰۰",۵,https://dkstatics-public.digikala.com/digikala-products/1d0f3bb7eb155d53bc7fd209ae9bc5615eebf488_1787918314.jpg?x-oss-process=image/resize
نیم ست طلا 18 عیار زنانه طلای مستجابی مدل آوا اژده کد 14012,۵٪,۵,https://dkstatics-public.digikala.com/digikala-products/fe6c2b1f92f6c46941f4c4bf0e69bf77a090fe0a_1735922130.jpg?x-oss-process=image/resize
تبلت 13 اینچی مایکروسافت مدل Surface Pro 11-Snapdragon X Elite OLED ظرفیت 512 گیگابایت و رم 16 گیگابایت به همراه کیبورد Surface Pro Copilot و قلم Slim Pen 2,"۴۳۰,۵۲۰,۰۰۰",۴,https://dkstatics-public.digikala.com/digikala-products/b8c7b77cba8edef1aa4bc52112f35a73b46d49af_1787918314.jpg?x-oss-process=image/resize
کامپیوتر دسکتاپ تک زون مدل TZ14400F Gaming SuperMax RTX,"۲۵۵,۰۰۰,۰۰۰",NULL,https://dkstatics-public.digikala.com/digikala-products/7a2a2d30309708007b169aaa010ac8e677553697_1766390427.jpg?x-oss-process=image/resize
النگو طلا کم اجرت عیار 18 زنانه سهی مدل VB57-3,"۲۶۰,۲۴۱,۷۲۰",۴.۴,https://dkstatics-public.digikala.com/digikala-products/84a0e6054eb39eae52a5d6932e2ea8e86dfc2194_1690034961.jpg?x-oss-process=image/resize
شمش طلا 18 عیار ونوس مدل 110,۴٪,۴.۳,https://dkstatics-public.digikala.com/digikala-products/eb85aef393048ff98f54594edd37622e36ea7939_1696839348.jpg?x-oss-process=image/resize
نیم ست طلا کم اجرت 18 عیار زنانه طلای کامک مدل کارتیه,"۳۸۴,۵۴۳,۹۷۰",NULL,https://dkstatics-public.digikala.com/digikala-products/e6d2dc3efa0345199b548c91e0fd4f6d28d616d2_1763373294.jpg?x-oss-process=image/resize
کنسول بازی سونی مدل PlayStation 5 Pro ظرفیت 2 ترابایت ریجن اروپا,۸٪,۴.۶,https://dkstatics-public.digikala.com/digikala-products/ed08bbe55febb90e55a567062cbffcc52d5f01e2_1786296579.jpg?x-oss-process=image/resize
تلویزیون 75 اینچ ال ای دی هوشمند سونی مدل KD-75X80L,۲۰٪,۴,https://dkstatics-public.digikala.com/digikala-products/43e24a2f3713d9fcd3067aa092c3ac0eec777c37_1779628426.jpg?x-oss-process=image/resize
یخچال و فریزر دوقلو 28 فوت هیمالیا مدل آلفا NF280a-NR440a,"۲۵۰,۰۰۰,۰۰۰",۲.۳,https://dkstatics-public.digikala.com/digikala-products/d673554b9abf8fbde8ed8b8a3e446077a97283de_1754244314.jpg?x-oss-process=image/resize
گردنبند طلا 18 عیار زنانه طلای مستجابی مدل MN کد 45,۴٪,۴.۱,https://dkstatics-public.digikala.com/digikala-products/1c46ee7c5558f937d72db7b86ba277817b10737d_1688907612.jpg?x-oss-process=image/resize
انگشتر طلا 18 عیار زنانه کد R164,۳٪,۲,https://dkstatics-public.digikala.com/digikala-products/113363001.jpg?x-oss-process=image/resize
گردنبند طلا ۱۸ عیار زنانه طلای کامک مدل کارتیه,۵٪,۳.۶,https://dkstatics-public.digikala.com/digikala-products/02e51a83ffc6fe4202ed601becd8f65bd68614f8_1733405348.jpg?x-oss-process=image/resize
لپ تاپ 15.6 اینچی ام اس آی مدل Katana 15 HX B14WFK-i7 14650HX-16GB DDR5 5600MHz-1TB SSD-RTX5060-FHD 144Hz,"۳۳۹,۵۰۰,۰۰۰",۳.۴,https://dkstatics-public.digikala.com/digikala-products/28bd84f82dab6c5bfff84f5d4937e6caee176664_1786538645.jpg?x-oss-process=image/resize
ساعت هوشمند گارمین مدل Fenix 8 - 47mm دارای قابلیت های صفحه نمایش لمسی، کنترل موسیقی، کنترل سطح اکسیژن خون، ضد آب، بند سیلیکون,"۲۸۰,۰۰۰,۰۰۰",۵,https://dkstatics-public.digikala.com/digikala-products/3c0faa101b0d95d951e9d7cf835f1bcec65f5411_1734423642.jpg?x-oss-process=image/resize
نیم ست طلا 18 عیار زنانه مدل DNCC11-28d,"۲۹۲,۷۰۷,۰۳۰",۴,https://dkstatics-public.digikala.com/digikala-products/f50e7d98253473cdc0c3a4e29df3448471260bf4_1646159339.jpg?x-oss-process=image/resize
لپ تاپ 16 اینچی ایسوس مدل TUF Gaming A16 FA608UH-RV049-R7 260-16GB DDR5 4800MHz-512GB SSD-RTX5050 8GB-FHD 165Hz,"۳۳۷,۸۹۰,۰۰۰",NULL,https://dkstatics-public.digikala.com/digikala-products/96a266bdea1269132346bef5910cfa37b4ef0322_1759650077.jpg?x-oss-process=image/resize
تبلت 13 اینچی مایکروسافت مدل Surface Pro 8 با پردازنده Core i7 1185G7 ظرفیت 512 گیگابایت و رم 16 گیگابایت,"۲۸۸,۸۴۸,۰۰۰",NULL,https://dkstatics-public.digikala.com/digikala-products/74e3adb87d0d69508ce8ccfeb4e17fd53f31e405_1761927074.jpg?x-oss-process=image/resize
تبلت 13 اینچ مایکروسافت مدل Surface Pro Snapdragon X2 Plus LCD 2026 ظرفیت 256 گیگابایت و رم 16 گیگابایت,"۳۹۲,۹۰۰,۰۰۰",NULL,https://dkstatics-public.digikala.com/digikala-products/56536dc9f71bcc7b007c13b13ce866d48294e7b8_1782116104.jpg?x-oss-process=image/resize
النگو طلا کم اجرت 18 عیار زنانه طلا و شمش برلیان مدل رولکس,۱٪,۴.۷,https://dkstatics-public.digikala.com/digikala-products/3f286fb44dac29d178aac53c59f715010981479a_1761474364.jpg?x-oss-process=image/resize
کامپیوتر دسکتاپ مدل Hero,"۲۷۰,۰۰۰,۰۰۰",NULL,https://dkstatics-public.digikala.com/digikala-products/6b566fefe2d83e7f0e0757e1a0ba41e46869bb18_1769964676.jpg?x-oss-process=image/resize
لپ‌تاپ اپل مدل MacBook Air MC7A4 2025 LLA با پردازنده Apple M4، رم 16GB، حافظه SSD با ظرفیت 256GB، نمایشگر 15.3 اینچ Retina، دارای نور پس‌زمینه کیبورد، حسگر اثر انگشت، سیستم‌عامل Apple Mac OS,"۳۵۷,۱۹۰,۰۰۰",۴.۹,https://dkstatics-public.digikala.com/digikala-products/062b667b40b247ca79d704b928740c2207dc2a8f_1786538650.jpg?x-oss-process=image/resize
لپ تاپ 16 اینچی اچ‌ پی مدل OmniBook X 16-aw0033dx-Core Ultra 7 255H-RTX4050 6GB-32GB DDR5 5600MHz-2TB SSD-OLED-Touch-Backlit-W,"۳۸۰,۰۰۰,۰۰۰",۲,https://dkstatics-public.digikala.com/digikala-products/855c02722c6c1136ffeee09c25b055f390f94c09_1787493834.jpg?x-oss-process=image/resize
تبلت 12 اینچی مایکروسافت مدل Surface Pro-Snapdragon X Plus ظرفیت 512 گیگابایت و رم 16 گیگابایت به همراه کیبورد سرفیس پرو,"۳۶۷,۶۸۰,۰۰۰",NULL,https://dkstatics-public.digikala.com/digikala-products/3051d83c8c30cf4d08b473b2388fd87d7e2e859d_1767547322.jpg?x-oss-process=image/resize
لپ تاپ 16 اینچی لنوو مدل ThinkBook 16 G8 IAL-Core Ultra 7 255H-16GB DDR5 5600MHz-512GB SSD-IPS 60Hz-Backlit-Fingerprint,"۲۸۰,۰۰۰,۰۰۰",NULL,https://dkstatics-public.digikala.com/digikala-products/3a0ba3ea2d04f24a8b8fcf03a3ded420e4daf099_1754562174.jpg?x-oss-process=image/resize
دستبند طلا 18 عیار مردانه طلای مستجابی مدل گلستانه کد 20,۴٪,۴.۲,https://dkstatics-public.digikala.com/digikala-products/b68dd7318e802b1e6939a66fe7e7aed45bf3087e_1684179218.jpg?x-oss-process=image/resize
شمش نقره مدل 81574,۱٪,۴.۵,https://dkstatics-public.digikala.com/digikala-products/b53ca99280908c01b78aa322d6d524b2ec501a50_1740034516.jpg?x-oss-process=image/resize
گیرنده ایستگاهی جی پی اس هیرو مدل Xima s20 ultra,"۲۶۷,۰۰۰,۰۰۰",NULL,https://dkstatics-public.digikala.com/digikala-products/ed919693a5f9c9232f9f58f8770a891cc8ddeca8_1780731646.jpg?x-oss-process=image/resize
لپ تاپ 16 اینچی لنوو مدل Yoga 7 2-in-1 16IML9-Core Ultra 7 155U-16GB LPDDR5x-1TB SSD-Touch-W,"۲۹۸,۶۰۰,۰۰۰",۴.۳,https://dkstatics-public.digikala.com/digikala-products/ee0105c6861b7af36e01b212e90ad50c82f2ddf3_1747137675.jpg?x-oss-process=image/resize
نیم ست طلا 18 عیار زنانه مدل DNCC20-32d,"۳۲۷,۳۵۷,۲۷۰",NULL,https://dkstatics-public.digikala.com/digikala-products/d9f4220aa5b70250c225a8427ddce25b9b9421d8_1687633618.jpg?x-oss-process=image/resize
لپ تاپ 15.6 اینچی ام اس آی مدل VenturePro 15 A2RWEG-Core 7 240H-RTX5050 8GB-16GB DDR5 5600MHz-1TB SSD-FHD 144Hz,"۲۸۵,۹۰۰,۰۰۰",۵,https://dkstatics-public.digikala.com/digikala-products/853f1d0f442cdcf152f479641063552d5f25621f_1764015228.jpg?x-oss-process=image/resize
شمش طلا 18 عیار زربد مدل 10Gr18K,۳٪,۴.۲,https://dkstatics-public.digikala.com/digikala-products/96fc902dbd6f26bd6857bd49d42cbaaf009a092b_1745737291.jpg?x-oss-process=image/resize
ماشین لباسشویی 11 کیلوگرم اتوماتیک آ ا گ مدل lfr731611v,"۲۹۰,۰۰۰,۰۰۰",۲.۳,https://dkstatics-public.digikala.com/digikala-products/4a7e649e0ce9d3f72ef2295eff3a56c82fa8682a_1778498517.jpg?x-oss-process=image/resize
لپ تاپ 16 اینچی اچ‌ پی مدل OMEN Gaming 16-ap0167AX-R9 8940HX-16GB DDR5 5600MHz-512GB SSD-RTX5060 8GB-FHD 144Hz - کاستوم شده,"۳۷۷,۹۹۰,۰۰۰",۵,https://dkstatics-public.digikala.com/digikala-products/66a7c10786c48d46f77b43b89112cb5ca6da1b8a_1757254018.jpg?x-oss-process=image/resize
لپ تاپ 16 اینچی اچ‌ پی مدل OMEN Gaming 16-ap0167AX-R9 8940HX-16GB DDR5 5600MHz-512GB SSD-RTX5060 8GB-FHD 144Hz,۲٪,۵,https://dkstatics-public.digikala.com/digikala-products/41ce63d514ae31307eaac83c84f5e2a5a021f302_1757238721.jpg?x-oss-process=image/resize
لپ تاپ 16 اینچی ایسوس مدل TUF Gaming F16 FX608JMR-F16I75060-i7 14650HX-RTX5060 8GB-32GB DDR5 5600MHz-1TB SSD-FHD 165Hz-W,"۴۲۰,۰۰۰,۰۰۰",۴.۶,https://dkstatics-public.digikala.com/digikala-products/461ccc868f9796deff60f9402c58c2045b53f881_1786538647.jpg?x-oss-process=image/resize
وارنیش حرارتی مدل M-804 مجموعه 10 عددی,"۳۷۲,۰۵۷,۸۸۰",۴,https://dkstatics-public.digikala.com/digikala-products/62e506323fd1101f734f920929a6d0682e3d5780_1717773576.jpg?x-oss-process=image/resize
کنسول بازی سونی مدل PlayStation 5 Pro ریجن اروپا نسخه دیجیتال ظرفیت 2 ترابایت به همراه دسته اضافه,"۳۲۹,۵۰۰,۰۰۰",۵,https://dkstatics-public.digikala.com/digikala-products/d5113951446ee838dda8442a3b1495cb7ea82a6a_1760365313.jpg?x-oss-process=image/resize
گردنبند طلا کم اجرت 18 عیار زنانه با زنجیر طرح کارتیه طلا و شمش برلیان مدل نمادار,۳٪,NULL,https://dkstatics-public.digikala.com/digikala-products/cf88842623ff5969fa835974852bd48e459158bf_1780847200.jpg?x-oss-process=image/resize
موتور برق بنزینی 18 اسب بخار هیوندای مدل HG8087,۴٪,NULL,https://dkstatics-public.digikala.com/digikala-products/4c44ce45d6c6c444d77efe6f40ddd9a4a3fb53a1_1769932666.jpg?x-oss-process=image/resize
جارو رباتیک روبوراک مدل S8 MaxV Ultra,"۲۶۲,۱۰۰,۰۰۰",۴.۵,https://dkstatics-public.digikala.com/digikala-products/806e129e043fcf39ad13fb3881b407c4f33c2677_1759562845.jpg?x-oss-process=image/resize
لپ تاپ 15.6 اینچی ام اس آی مدل Katana 15 HX B14WFK-i7 14650HX-RTX5060 8GB-16GB DDR5 4800MHz-512GB SSD-FHD 144Hz - کاستوم شده,"۳۳۸,۰۰۰,۰۰۰",۵,https://dkstatics-public.digikala.com/digikala-products/60f8c6fc28af34d0faf46dcac17cc42277f86792_1780828936.jpg?x-oss-process=image/resize
لپ تاپ 16 اینچی گیگابایت مدل G6 KF-i7 13620H-RTX4060 8GB-16GB DDR5 4800MHz-1TB SSD-FHD 165Hz,"۲۹۵,۰۰۰,۰۰۰",۴.۴,https://dkstatics-public.digikala.com/digikala-products/775a7ddd7ffb70cecf71664ead9117eb89fce332_1718132294.jpg?x-oss-process=image/resize
النگو طلا کم اجرت عیار 18 زنانه سهی مدل VB15-1,"۲۹۷,۴۹۶,۸۰۰",۴.۷,https://dkstatics-public.digikala.com/digikala-products/fd6c89cdbbf0056326ac62a13f4ddfa1d0e22b49_1604830723.jpg?x-oss-process=image/resize
گردنبند طلا کم اجرت 18 عیار زنانه گالری طلا و شمش برلیان مدل کارتیه متراکم,۳٪,۴.۱,https://dkstatics-public.digikala.com/digikala-products/b78ab472344c4a99e380cce211348f8251ea9440_1733308049.jpg?x-oss-process=image/resize
دوربین دیجیتال سونی مدل Alpha A7 III Mirrorless Body Digital Camera,"۲۶۵,۹۰۰,۰۰۰",۴.۴,https://dkstatics-public.digikala.com/digikala-products/2f22c2e0bce5f227d483768fe70a885d5e00d46c_1786911151.jpg?x-oss-process=image/resize
لپ تاپ 15.6 اینچی ام اس آی مدل VenturePro 15 A2RWEG-Core 7 240H-RTX5050 8GB-16GB DDR5 4800MHz-512GB SSD-FHD 144Hz,"۲۸۵,۰۰۰,۰۰۰",NULL,https://dkstatics-public.digikala.com/digikala-products/fdad0c4dda213e418f2a948aff68f59eb020f380_1779520523.jpg?x-oss-process=image/resize
شمش طلا 18 عیار زربد مدل 10000,۶٪,۴.۹,https://dkstatics-public.digikala.com/digikala-products/b8ac739b5162172379029727efd5da39fdb0285b_1741187174.jpg?x-oss-process=image/resize
گردنبند طلا 18 عیار زنانه مدل تیفانی,"۲۶۹,۲۱۵,۵۷۰",۴.۵,https://dkstatics-public.digikala.com/digikala-products/f0d093b0abf0e9538d2cc4ed20439278b9ba83b5_1738652299.jpg?x-oss-process=image/resize
لپ تاپ 13.6 اینچی اپل مدل MacBook Air MDH84 2026 LLA-M5-16GB RAM-1TB SSD,"۳۷۷,۸۱۰,۰۰۰",۵,https://dkstatics-public.digikala.com/digikala-products/6d410d28ba55d328bda1673f31b9f7e092846261_1786538644.jpg?x-oss-process=image/resize
لپ تاپ 14 اینچی اچ‌ پی مدل OmniBook X Flip 14-fm0013dx-Core Ultra 5 226V-16GB LPDDR5X 8533MHz-2TB SSD-Touch-Backlit-W - کاستوم شده,"۲۵۴,۰۰۰,۰۰۰",NULL,https://dkstatics-public.digikala.com/digikala-products/f7355ee0688c44f88c465df5857dd05128f92178_1785236090.jpg?x-oss-process=image/resize
لپ تاپ 16 اینچی ایسوس مدل TUF Gaming F16 FX608JMR-i7 14650HX-16GB DDR5 5600MHz-512GB SSD-RTX5060 8GB-FHD 165Hz,"۳۴۹,۰۰۰,۰۰۰",۴.۷,https://dkstatics-public.digikala.com/digikala-products/1755914e2e248177bc80897bb7af2a6f933dfcdb_1760794502.jpg?x-oss-process=image/resize
بنگل طلا 18 عیار زنانه الی گالری مدل البرناردو,"۳۷۳,۱۰۳,۴۱۰",NULL,https://dkstatics-public.digikala.com/digikala-products/8b5939b35200bb9dfde37f54555e3151875a42e0_1735384370.jpg?x-oss-process=image/resize
لپ تاپ 16.1 اینچی اچ‌ پی مدل Omen 16 16-WF0020NIA-i7 13700HX-RTX3050 6GB-16GB DDR5 5600MHz-512GB SSD-FHD 165Hz-W,"۲۸۹,۰۰۰,۰۰۰",NULL,https://dkstatics-public.digikala.com/digikala-products/4ea55a0bdd658085e9371306d0b22aa49a17bb58_1784729100.jpg?x-oss-process=image/resize
اسپرسو ساز اسمگ مدل BCC13,"۲۵۳,۰۰۰,۰۰۰",۵,https://dkstatics-public.digikala.com/digikala-products/8ae9a72ac7960e1d709165eb74188c8c2f423ba8_1716914368.jpg?x-oss-process=image/resize
گردنبند طلا 18 عیار زنانه ماوی گالری مدل ونکلیف 5,"۳۹۲,۵۷۷,۴۰۰",NULL,https://dkstatics-public.digikala.com/digikala-products/19ff9020c8f915092b66c6bb580df045fee828c6_1707120247.jpg?x-oss-process=image/resize
دوچرخه کوهستان کمپ مدل SLX Z12 سایز طوقه 29 اینچ,۱۹٪,NULL,https://dkstatics-public.digikala.com/digikala-products/ebbf3d7d8470edafc514e86581b6a715d296aead_1757239538.jpg?x-oss-process=image/format
کامپیوتر دسکتاپ مدل Ultra Storm 5050,"۲۷۵,۵۰۰,۰۰۰",NULL,https://dkstatics-public.digikala.com/digikala-products/48662f89f29cc8b78241d4af98bfa84bbff14ffc_1784317927.jpg?x-oss-process=image/resize
لپ تاپ 13.8 اینچی مایکروسافت مدل Surface Laptop 7 Copilot Plus PC-Snapdragon X Plus-16GB LPDDR5x-1TB SSD-Touch,"۳۳۶,۴۲۰,۲۵۰",NULL,https://dkstatics-public.digikala.com/digikala-products/bb76a9d775bd5691d87448c885620c67729d1107_1786538651.jpg?x-oss-process=image/resize
نیم ست طلا 18 عیار زنانه طلای مستجابی مدل طلوع کد 015,۷٪,۳.۸,https://dkstatics-public.digikala.com/digikala-products/1c017e1b1d100a4277a459f22d63ba6806beaf4b_1748358209.jpg?x-oss-process=image/resize
دوربین دیجیتال بدون آینه سونی مدل Alpha a6700 Mirrorless به همراه لنز 50-16,"۳۰۴,۹۰۰,۰۰۰",۵,https://dkstatics-public.digikala.com/digikala-products/f384175143854d93707d3dd5ac129b01c96ca7c0_1786911156.jpg?x-oss-process=image/resize
ماشین ظرفشویی 14 نفره ال جی مدل DFB325HM,"۲۵۱,۵۰۰,۰۰۰",۳.۵,https://dkstatics-public.digikala.com/digikala-products/89571ae1fe783ce3ed39732cfb73458bbd1565fd_1762143409.jpg?x-oss-process=image/resize
لپ تاپ 13.6 اینچی اپل مدل MacBook Air MDHK4 2026 LLA-M5-24GB RAM-1TB SSD,"۴۲۳,۳۸۰,۰۰۰",۴.۸,https://dkstatics-public.digikala.com/digikala-products/09a1fa7db1588eec311ba6a94ec9f5f4df610787_1786538644.jpg?x-oss-process=image/resize
اسپیکر بلوتوثی جی بی ال مدل Partybox Ultimate,۱۲٪,۴.۷,https://dkstatics-public.digikala.com/digikala-products/37c188f0533a063d7be8217537af55deb22786e5_1786652972.jpg?x-oss-process=image/resize
گردنبند طلا 18 عیار زنانه الی گالری مدل تیفانی,"۲۷۶,۴۰۵,۲۶۰",۴.۸,https://dkstatics-public.digikala.com/digikala-products/39238a392bee399d17e46e76349a0bfb449b5fe0_1737812465.jpg?x-oss-process=image/resize
لپ تاپ 14 اینچی ایسوس مدل Zenbook S 14 UX5406SA-Core Ultra 7 258V-32GB LPDDR5X-1TB SSD-OLED Touch 120Hz-Backlit-W,"۳۸۹,۰۰۰,۰۰۰",NULL,https://dkstatics-public.digikala.com/digikala-products/0df7b3b805500a0f9fd481d1689fb13e6fe0e6d4_1787747917.jpg?x-oss-process=image/resize
کنسول بازی سونی مدل PlayStation 5 Slim ظرفیت 1 ترابایت ریجن 2016A اروپا به همراه دسته اضافی و هدست VR2,"۳۱۴,۰۰۰,۰۰۰",۵,https://dkstatics-public.digikala.com/digikala-products/c5c812f0fec4b6867771ac147fb629de3dee79d0_1786296574.jpg?x-oss-process=image/resize
انگشتر طلا 18 عیار مردانه طلای مستجابی مدل تاج کد TG790,۵٪,NULL,https://dkstatics-public.digikala.com/digikala-products/367fb59d3abfbc1d2263d0295726a49839326b30_1736364138.jpg?x-oss-process=image/resize
زنجیر طلا 18 عیار مردانه طلای مستجابی مدل سیسیل کد 60,۴٪,۳.۷,https://dkstatics-public.digikala.com/digikala-products/c52113a5a6157c75071d9b95207b862720392a19_1712924061.jpg?x-oss-process=image/resize
یخچال فریزر ساید بای ساید 32 فوت دوو مدل SXi20-21W,"۲۶۸,۰۰۰,۰۰۰",۴.۱,https://dkstatics-public.digikala.com/digikala-products/331b8878f98b7e4c7c4aa369e74ab6d617502e4e_1754237458.jpg?x-oss-process=image/resize
گردنبند طلا کم اجرت 18 عیار زنانه با زنجیر طرح کارتیه طلا و شمش برلیان مدل 001,۳٪,۴,https://dkstatics-public.digikala.com/digikala-products/ee34b1814dfd8c4850895c2b07e2d76d3875f07b_1761307708.jpg?x-oss-process=image/resize
موتور برق بنزینی 36 اسب بخار کنزاکس مدل 6194,"۲۵۲,۵۰۰,۰۰۰",۳.۳,https://dkstatics-public.digikala.com/digikala-products/73377d187d157902b466a66852534bda68b800d3_1774353061.jpg?x-oss-process=image/resize
ساچمه نقره زمانی مدل XAG150,"۲۹۳,۴۰۰,۰۰۰",۴.۳,https://dkstatics-public.digikala.com/digikala-products/c442fb23528a5349d7ef3fcf97654373efb8c3e3_1748122710.jpg?x-oss-process=image/resize
لپ تاپ 16 اینچی ایسوس مدل TUF Gaming F16 FX607VU-RL089-Core 5 210H-16GB DDR5 5600MHz-512GB SSD-RTX4050 6GB-WUXGA 144Hz,"۲۸۲,۵۰۰,۰۰۰",۴,https://dkstatics-public.digikala.com/digikala-products/2185e8eda71ac414b821aa0c7968798a61e1a327_1763124348.jpg?x-oss-process=image/resize
زنجیر طلا 18 عیار مردانه مدل 001,۵٪,۲.۹,https://dkstatics-public.digikala.com/digikala-products/10bea10e517d1d3d73a0182e91fca7b030934e46_1674539349.jpg?x-oss-process=image/resize
زنجیر طلا 18 عیار زنانه مدل 5747 طرح کارتیه,۵٪,۳,https://dkstatics-public.digikala.com/digikala-products/f852c505b45f0b6a21402ff18ba4670d10503fb5_1677158685.jpg?x-oss-process=image/resize
لپ تاپ 15.6 اینچی ایسوس مدل Expertbook B1 B1503CVA-I78512B4D-i7 13620H-16GB DDR5 4800Mhz-1TB SSD-IPS - کاستوم شده,"۲۵۵,۹۹۰,۰۰۰",۴.۵,https://dkstatics-public.digikala.com/digikala-products/41ef60cabfc529ead764b7ce9c24d2095608ef69_1761723747.jpg?x-oss-process=image/resize
لپ تاپ 15.6 اینچی ام اس آی مدل Cyborg 15 A13UC-i7 13620H-RTX3050 4GB-16GB DDR5 5200MHz-1TB SSD-FHD 144Hz - کاستوم شده,۱٪,NULL,https://dkstatics-public.digikala.com/digikala-products/030a5ed8543ea5d27a67d083b3015b6511d045ea_1781350182.jpg?x-oss-process=image/resize
صندلی ماساژور لیرکن مدل 988-S2,"۲۹۵,۰۰۰,۰۰۰",NULL,https://dkstatics-public.digikala.com/digikala-products/497a318682650306e0a04a5dd4a6bbe2e6f7ec3f_1784414071.jpg?x-oss-process=image/resize
شمش طلا 24 عیار پارسیس مدل 010,۳٪,۴.۳,https://dkstatics-public.digikala.com/digikala-products/cc38c67cf03d3bdbe81563f3d7642acb8a80e016_1712644981.jpg?x-oss-process=image/resize
دستگاه فیوژن فیبر نوری جت فایبر مدل h5 پلاس,"۳۳۰,۰۰۰,۰۰۰",NULL,https://dkstatics-public.digikala.com/digikala-products/27f02343ff23514b2875fee6606cf1b2eb42c0ed_1766042494.jpg?x-oss-process=image/resize
لپ تاپ 15.6 اینچی لنوو مدل LOQ 15IRX9-Core i7 13645HX-RTX4050 6GB-16GB DDR5 4800MHz-512GB SSD-FHD 144Hz,"۲۸۳,۰۰۰,۰۰۰",NULL,https://dkstatics-public.digikala.com/digikala-products/f8ead91a4dbe8e8c0cf9522e2bfeeda648552545_1787386000.jpg?x-oss-process=image/resize
لپ تاپ 15.6 اینچی لنوو مدل LOQ 15IRX10-i7 13650HX-RTX5060 8GB-16GB DDR5 4800MHz-1TB SSD-FHD 144Hz-W - کاستوم شده,"۳۷۸,۷۰۰,۰۰۰",NULL,https://dkstatics-public.digikala.com/digikala-products/10ede19d4e1ce16ddae3c12326fe605b0efd0751_1765289489.jpg?x-oss-process=image/resize
شمش طلا 24 عیار پارسیس مدل a-pr-10,۴٪,۴,https://dkstatics-public.digikala.com/digikala-products/032c165d5800ceb6af46ae094e53e9cfe803242b_1763391324.jpg?x-oss-process=image/resize
شمش طلا 18 عیار زربد مدل 10Gr 18K,۶٪,۴.۴,https://dkstatics-public.digikala.com/digikala-products/c5660992b4df5a4f204301ef78e5f5f3cb9031bf_1762698773.jpg?x-oss-process=image/resize
تک‌پوش طلا کم اجرت 18 عیار زنانه مایا ماهک مدل MB1996,۲٪,NULL,https://dkstatics-public.digikala.com/digikala-products/f8ff1628c8fa4aea579238920ab2a2465e5fd676_1779271744.jpg?x-oss-process=image/resize
ماشین لباسشویی 11 کیلوگرم اتوماتیک بوش مدل WGK264Z0ME,"۲۵۰,۰۰۰,۰۰۰",NULL,https://dkstatics-public.digikala.com/digikala-products/69a0de0f8d97a74047ec51b69dece6615e8fd042_1785420665.jpg?x-oss-process=image/resize
گردنبند طلا کم اجرت 18 عیار زنانه با طرح کارتیه طلای کامک مدل اسپرت,"۲۵۸,۳۳۱,۹۱۰",۴,https://dkstatics-public.digikala.com/digikala-products/9b001e221032a396adb8923ae6c54c3c02d8f4a7_1750350950.jpg?x-oss-process=image/resize
اس اس دی اکسترنال سن دیسک مدل EXTREME E61 ظرفیت هشت ترابایت رابط USB Type-C 3.2,"۴۲۹,۵۰۰,۰۰۰",NULL,https://dkstatics-public.digikala.com/digikala-products/03fdeac92c319cf24a4f270262f4d169d498352a_1757768469.jpg?x-oss-process=image/resize
نیم ست طلا کم اجرت 18 عیار زنانه طلا و شمش برلیان مدل ورساچ,"۳۳۳,۹۳۶,۰۸۰",NULL,https://dkstatics-public.digikala.com/digikala-products/5c967a337d67023e3a42f5781e84bc1250864a4d_1783592026.jpg?x-oss-process=image/resize
یخچال فریزر ساید بای ساید 35 فوت اسنوا مدل S1Di-L310-S,"۲۶۴,۹۱۹,۹۰۰",NULL,https://dkstatics-public.digikala.com/digikala-products/b7ab20bef4fd9ac0e9923fadf6ac4d761b9b286c_1771830730.jpg?x-oss-process=image/resize
لپ تاپ 15.6 اینچی لنوو مدل LOQ 15IRX10-i7 14700HX-RTX5050 8GB-24GB DDR5 4800MHz-512GB SSD-FHD 144Hz,"۳۴۷,۸۰۰,۰۰۰",۴.۴,https://dkstatics-public.digikala.com/digikala-products/74907d6d88dd258c5aa511fa055a30366fe737bb_1756502029.jpg?x-oss-process=image/resize
لپ تاپ 16 اینچی ایسوس مدل TUF Gaming A16 FA607NUG-WH73-R7 7445HS-RTX4050 6GB-16GB DDR5 5600MHz-512GB SSD-FHD 144Hz-W,"۲۸۱,۹۰۰,۰۰۰",۴.۳,https://dkstatics-public.digikala.com/digikala-products/4a6bb2616cc2a31d437d9ca13c61bec64edd4ad9_1764008306.jpg?x-oss-process=image/resize
یخچال فریزر ساید بای ساید 32 فوت دوو مدل SXi20-21S,"۲۷۱,۹۹۹,۹۰۰",۳.۱,https://dkstatics-public.digikala.com/digikala-products/2f7bbe380abf667c05d28891286c3f0af4d0092e_1754237458.jpg?x-oss-process=image/resize
لپ تاپ 16 اینچی ایسوس مدل Vivobook 16 F1605VA-Core i9 13900H-16GB DDR4 3200MHz-1TB SSD-IPS-Backlit-W,"۲۵۸,۹۰۰,۰۰۰",NULL,https://dkstatics-public.digikala.com/digikala-products/cc585c72e11cfe5b196f0a7135585aabf66a6860_1787147438.jpg?x-oss-process=image/resize
لپ تاپ 15.3 اینچی اپل مدل MacBook Air MW1J3 2025 LLA-M4-16GB Ram-256GB SSD,"۳۵۵,۹۹۰,۰۰۰",۵,https://dkstatics-public.digikala.com/digikala-products/306433b3f8f77bc40f8120385c101ba09c5f162c_1746020853.jpg?x-oss-process=image/resize
لپ تاپ 15.3 اینچی اپل مدل MacBook Air MDVE4 2026 LLA-M5-16GB RAM-1TB SSD,"۴۲۱,۳۹۰,۰۰۰",۵,https://dkstatics-public.digikala.com/digikala-products/306433b3f8f77bc40f8120385c101ba09c5f162c_1777701890.jpg?x-oss-process=image/resize
گردنبند طلا 18 عیار زنانه ماوی گالری مدل تیفانی نگین دار کد  0-5,"۳۱۸,۳۴۶,۶۳۰",NULL,https://dkstatics-public.digikala.com/digikala-products/c9b9e07504e689bd56e7cff6becdb612793f5ff9_1740036872.jpg?x-oss-process=image/resize
النگو طلا 18 عیار زنانه سکه شیخ مدل OST.K,۲٪,۵,https://dkstatics-public.digikala.com/digikala-products/9bff6787fe3126af7bd9c8202951b2d99b7a43c2_1777965993.jpg?x-oss-process=image/resize
شمش طلا 18 عیار مدل ملکه 1403,"۲۸۸,۶۱۳,۷۷۰",۴.۳,https://dkstatics-public.digikala.com/digikala-products/eb85aef393048ff98f54594edd37622e36ea7939_1706963082.jpg?x-oss-process=image/resize
لپ تاپ 15.3 اینچی اپل مدل MacBook Air MDVT4 2026 LLA-M5-16GB RAM-1TB SSD,"۴۲۲,۳۵۰,۰۰۰",NULL,https://dkstatics-public.digikala.com/digikala-products/ffe0a9229eb1495158a9db91fc6586a7e756eeb5_1777701698.jpg?x-oss-process=image/resize
نیم ست طلا 18 عیار زنانه گالری رحمانی مدل تیفانی کد T05,۷٪,NULL,https://dkstatics-public.digikala.com/digikala-products/d393cd248c5b35e03239ecfa949a6a2b5368b5e0_1763904505.jpg?x-oss-process=image/resize
مانیتور 31.5 اینچ ایسوس مدل ProArt Display OLED PA32UCDM,"۳۹۱,۰۰۰,۰۰۰",NULL,https://dkstatics-public.digikala.com/digikala-products/cee0e42692309ace382469382c7a755da79e36c8_1778501190.jpg?x-oss-process=image/resize
لپ تاپ 15.6 اینچی اچ‌ پی مدل Victus 15 fa2082wm-i5 13420H-RTX4050 6GB-16GB DDR4 3200MHz-512GB SSD-FHD 144Hz-W,"۲۵۰,۰۰۰,۰۰۰",۴.۵,https://dkstatics-public.digikala.com/digikala-products/1d7a6151964f2dd6ca605739426a895b77eba04d_1786538646.jpg?x-oss-process=image/resize
دستبند زنجیری طلا کم اجرت 18 عیار زنانه طلای کامک مدل کارتیه,"۲۶۷,۹۹۹,۲۲۰",۴.۴,https://dkstatics-public.digikala.com/digikala-products/a42d3ab54c5d15437be1427d8c016deaacafbb4f_1763368575.jpg?x-oss-process=image/resize
لپ تاپ 15.6 اینچی لنوو مدل LOQ 15IRX10-i7 13650HX-RTX5060 8GB-16GB DDR5 4800MHz-512GB SSD-FHD 144Hz-W,"۳۵۴,۶۰۰,۰۰۰",۴.۹,https://dkstatics-public.digikala.com/digikala-products/ebe1eddfda846b10437ce8a6c9f252bbb50c7237_1786538646.jpg?x-oss-process=image/resize
دستبند طلا 18 عیار زنانه طلای مستجابی مدل پارادایس کد SZ18,۵٪,۴.۸,https://dkstatics-public.digikala.com/digikala-products/f9c976e17dcf6ca37107c0866d2edae52711c92b_1712938082.jpg?x-oss-process=image/resize
لپ‌تاپ اچ‌ پی مدل Victus 15 Gaming FA1082wm با پردازنده Core i5-13420H و گرافیک RTX4050 6GB، رم DDR4 16GB با فرکانس 3200MHz، حافظه SSD با ظرفیت 512GB، نمایشگر 15.6 اینچ IPS با وضوح FHD و نرخ به‌روزرسانی 144Hz، سیستم‌عامل Windows 11,۱۲٪,۴.۵,https://dkstatics-public.digikala.com/digikala-products/a42ceeca081d5b99a4ef26974e15684f131634e5_1754239336.jpg?x-oss-process=image/resize
شمش نقره مدل SI-BAR-1000,۱٪,۳.۳,https://dkstatics-public.digikala.com/digikala-products/1cd3701ed181c198be6469e2fc8a5616b0418443_1736877703.jpg?x-oss-process=image/resize
نیم ست طلا کم اجرت 18 عیار زنانه طلا و شمش برلیان مدل 001,"۳۹۸,۶۵۶,۵۹۰",۴,https://dkstatics-public.digikala.com/digikala-products/ecb0c3d38554a62feace6e99b9747df97a007cfb_1740919009.jpg?x-oss-process=image/resize
لپ تاپ 15.6 اینچی لنوو مدل LOQ 15IRX10-i5 13450HX-RTX5050 8GB-16GB DDR5 4800MHz-512GB SSD-FHD 144Hz-W,"۲۸۹,۰۰۰,۰۰۰",۴.۷,https://dkstatics-public.digikala.com/digikala-products/e4f6f2e466c41c144734438be5e74e179da2d6e9_1786538646.jpg?x-oss-process=image/resize
شمش طلا 24 عیار زیوتو مدل GD-Au-p10,۴٪,۴.۳,https://dkstatics-public.digikala.com/digikala-products/b37249502a601dc0b6c56f15187d53cc521112af_1739705673.jpg?x-oss-process=image/resize
ساعت هوشمند 47 میلی‌متری گارمین مدل Fenix 8 Amoled با بند سیلیکونی,"۲۵۳,۰۰۰,۰۰۰",۵,https://dkstatics-public.digikala.com/digikala-products/9e3337150754e00e125cdd97f734b59e18f716fa_1770562811.jpg?x-oss-process=image/resize
یخچال و فریزر ساید بای ساید 32 فوت دوو مدل ARSXi30-20s,"۲۹۴,۰۰۰,۰۰۰",۴.۳,https://dkstatics-public.digikala.com/digikala-products/105e5b2ee348f9bfec180d13af4444010d2fa4f6_1754236125.jpg?x-oss-process=image/resize
تبلت ۱۴.۶ اینچ سامسونگ مدل Galaxy Tab S11 Ultra Wi-Fi ظرفیت 512 گیگابایت و رم 12 گیگابایت، رزولوشن دوربین ۱۳ مگاپیکسل، پشتیبانی از قلم و کیبورد,"۲۹۹,۹۹۰,۰۰۰",۴.۷,https://dkstatics-public.digikala.com/digikala-products/df42fb06e3f7574699aff00c6d395feb8405b334_1787918317.jpg?x-oss-process=image/resize
یخچال و فریزر ساید بای ساید 36 فوت دوو مدل ARSXi30-30S,"۳۲۰,۰۰۰,۰۰۰",۳,https://dkstatics-public.digikala.com/digikala-products/077e77a043f6dc6799acace88b67a760e09e9e57_1754237736.jpg?x-oss-process=image/resize
تلویزیون 75 اینچ ال ای دی هوشمند ال جی مدل 75NU840B,"۲۵۰,۰۰۰,۰۰۰",NULL,https://dkstatics-public.digikala.com/digikala-products/987d2bd37d7a0e6ec769ecade880849b3f51471c_1786280882.jpg?x-oss-process=image/resize
دستبند النگویی طلا کم اجرت 18 عیار زنانه طلا و شمش برلیان مدل کارتیر Unlimited,۲٪,NULL,https://dkstatics-public.digikala.com/digikala-products/83745effec28c72411f2ffaa01f209c1a07e0a8b_1766341151.jpg?x-oss-process=image/resize
النگو طلا 18 عیار زنانه طلای مستجابی مدل دیاکو کد z3,۱۰٪,۴,https://dkstatics-public.digikala.com/digikala-products/28ac32286a30f040dc2c487eea660c9f02f12124_1714143309.jpg?x-oss-process=image/resize
تک‌پوش طلا کم اجرت 18 عیار زنانه مایا ماهک مدل MB2001,۱٪,۲,https://dkstatics-public.digikala.com/digikala-products/f0d39697e4ec21f61c8148241a1eed8dca6806cd_1779280962.jpg?x-oss-process=image/resize
موتور برق بنزینی 8.8 اسب بخار کنزاکس مدل اینورتر سایلنت 6600 وات کد 6165,"۲۸۳,۷۳۶,۶۰۰",۴.۵,https://dkstatics-public.digikala.com/digikala-products/767a504a7971af00a387a92059ec6f531a68f7e0_1753654366.jpg?x-oss-process=image/resize
تلویزیون 65 اینچ ال ای دی هوشمند سونی مدل XR-65X90L,"۴۰۰,۰۰۰,۰۰۰",۳.۵,https://dkstatics-public.digikala.com/digikala-products/aa35dcc91989841c09b0977c09af82db2b2a8348_1781531773.jpg?x-oss-process=image/resize
نیم ست طلا کم اجرت 18 عیار زنانه گالری طلا و شمش برلیان مدل پروانه 2025,۲٪,۳.۹,https://dkstatics-public.digikala.com/digikala-products/8292a0649890701d81fbdebdda94e652c000badd_1741530367.jpg?x-oss-process=image/resize
لپ تاپ 16 اینچی ایسوس مدل TUF Gaming F16 FX607VU-Core 7 240H-RTX4050 6GB-16GB DDR5 4800MHz-2TB SSD-FHD 144Hz - کاستوم شده,"۳۵۹,۹۹۰,۰۰۰",NULL,https://dkstatics-public.digikala.com/digikala-products/0bbbaca5de4e6eefa0062f1d45c229dab5e1128c_1781966127.jpg?x-oss-process=image/resize
هارد اکسترنال سیگیت مدل EXPANSION ظرفیت 28 ترابایت دارای رابط USB Type-A 3.0,"۳۵۵,۰۰۰,۰۰۰",NULL,https://dkstatics-public.digikala.com/digikala-products/1c5431bda26128972d11d0a9ae1b59513046bfb4_1758362732.jpg?x-oss-process=image/resize
نیم ست طلا 18 عیار زنانه مایا ماهک مدل MS0792,۱۶٪,NULL,https://dkstatics-public.digikala.com/digikala-products/788ee899fc4cfa7cd76d712aabbfbb82e5fd112f_1784033253.jpg?x-oss-process=image/resize
لپ تاپ 16 اینچی ایسوس مدل TUF Gaming F16 FX608JHR-Core i7 14650HX-RTX5050 8GB-16GB DDR5 5600MHz-1TB SSD-WUXGA 165Hz - کاستوم شده,"۳۵۲,۹۹۹,۰۰۰",NULL,https://dkstatics-public.digikala.com/digikala-products/8fde7c138f10f00f18c0dca1c68e549746f2f122_1786988604.jpg?x-oss-process=image/resize
لپ تاپ 15.6 اینچی اچ‌ پی مدل Victus Gaming 15-fa2021nia-i7 13620H-RTX3050 6GB-16GB DDR4 3200MHz-512GB SSD-FHD 144Hz-W,"۲۵۶,۰۰۰,۰۰۰",۳,https://dkstatics-public.digikala.com/digikala-products/12f49c8c8db4320e25771872b67e38f369b52abf_1786538648.jpg?x-oss-process=image/resize
لپ تاپ 15.6 اینچی لنوو مدل LOQ 15IRX9-i7 13650HX-RTX3050 6GB-16GB DDR5 4800MHz-512GB SSD-FHD 144Hz,"۲۶۰,۰۰۰,۰۰۰",۴.۳,https://dkstatics-public.digikala.com/digikala-products/cb2275bcadba9e8a8ae6ba29b30daf4af5fa0f7c_1786538652.jpg?x-oss-process=image/resize
لپ تاپ 15.6 اینچی ایسوس مدل ExpertBook B1 B1503CVA-Core 7 150U-16GB DDR5 4800MHz-1TB SSD-IPS - کاستوم شده,"۲۸۸,۷۰۰,۰۰۰",۳,https://dkstatics-public.digikala.com/digikala-products/c44c1d06eb5582da441108390802e3163b156661_1780734036.jpg?x-oss-process=image/resize
مبل نه نفره با روکش پارچه پایه چوب مدل کوئین کد 20 به همراه 1 میز و 2 عسلی,"۲۸۵,۰۰۰,۰۰۰",NULL,https://dkstatics-public.digikala.com/digikala-products/0ea9e7bf28a4131496fab11dafa616256f7b092c_1786045439.jpg?x-oss-process=image/resize
النگو طلا 18 عیار زنانه سکه شیخ مدل APPLE,۳٪,NULL,https://dkstatics-public.digikala.com/digikala-products/6ce423a3ba7e384733cb27dd7ba02948db2196ae_1771408452.jpg?x-oss-process=image/resize
ساچمه نقره مدل 9999,"۲۹۴,۰۰۰,۰۰۰",۴,https://dkstatics-public.digikala.com/digikala-products/4c5b61e2542356e209d062390628903631e0b0a2_1761915970.jpg?x-oss-process=image/resize
شمش طلا 24 عیار جواهریان مدل jav10,۵٪,۴.۲,https://dkstatics-public.digikala.com/digikala-products/0bbd5f50ec4f3fa51c2168a31091ba7ca939cfb7_1734182901.jpg?x-oss-process=image/resize
مینی فرز شارژی فاین مدل CCG 18-125-15 AS,"۲۹۷,۱۹۸,۰۰۰",NULL,https://dkstatics-public.digikala.com/digikala-products/83b36ac8428615bcd0039006075b0b82af0b618c_1695194120.jpg?x-oss-process=image/resize
یخچال فریزر دوقلو 40 فوت دوو مدل SRI/SFI-20MW,"۲۶۲,۰۰۰,۰۰۰",۴.۳,https://dkstatics-public.digikala.com/digikala-products/76d640f7a9688852be9fbd48baec336f5dfa923b_1754236254.jpg?x-oss-process=image/resize
پاور استیشن 1800 وات انکر مدل SOLIX C1000 ظرفیت ۳۳۰۰۰۰ میلی‌آمپر ساعت به همراه باتری,۱۶٪,NULL,https://dkstatics-public.digikala.com/digikala-products/5049defd1ac489cdf1b9180376d0778c044c54bf_1771941682.jpg?x-oss-process=image/resize
نیم ست طلا کم اجرت 18 عیار زنانه طلا و شمش برلیان مدل تراش,۲٪,NULL,https://dkstatics-public.digikala.com/digikala-products/49d4cdca4ec17530babd743952187c7bb8a1bb41_1780933048.jpg?x-oss-process=image/resize
دریل پیچ گوشتی شارژی چکشی 18 ولت بوش مدل (GSB 18V-110 C Brushless (5Ah,"۲۵۰,۰۰۰,۰۰۰",NULL,https://dkstatics-public.digikala.com/digikala-products/9ad0d2b56070245e21dd3601ec75b4ded06f8b3f_1757336576.jpg?x-oss-process=image/resize
شمش طلا 18 عیار زربد مدل Z1053,۶٪,۴,https://dkstatics-public.digikala.com/digikala-products/438e2b9c4cc92e2e529d94175c4a1e1a8c01618c_1762151708.jpg?x-oss-process=image/resize
تک‌پوش طلا 18 عیار زنانه طلای کامک مدل برگ,۵٪,۵,https://dkstatics-public.digikala.com/digikala-products/0feb1c49d4eab1bd1a7b8d76bfd1899d32de8ab1_1777110072.jpg?x-oss-process=image/resize
لپ تاپ 16 اینچی ایسوس مدل TUF Gaming A16 FA608PM-Ryzen 9 8940HX-RTX5060 8GB-16GB DDR5 5600MHz-512GB SSD-2.5K 165Hz,"۳۹۵,۰۰۰,۰۰۰",۵,https://dkstatics-public.digikala.com/digikala-products/047e9d07a9149199da1d6d5c24d8dcbc4041409c_1785592394.jpg?x-oss-process=image/resize
دوربین فیلم برداری سونی مدل Alpha a6700 body,"۳۴۵,۰۰۰,۰۰۰",۵,https://dkstatics-public.digikala.com/digikala-products/c69a047193d1a67294176d5b933721bd90f415c4_1697466383.jpg?x-oss-process=image/resize
انگشتر طلا 18 عیار مردانه طلای کامک مدل B65 سایز 62,۵٪,NULL,https://dkstatics-public.digikala.com/digikala-products/eb3d620efa25540148eb4077f7160580cda58f4c_1776404011.jpg?x-oss-process=image/resize
دوچرخه برقی آریستا مدل MB-6311,"۳۲۰,۰۰۰,۰۰۰",NULL,https://dkstatics-public.digikala.com/digikala-products/253eada75071f332bfc78235305ec305aaa12859_1788598463.jpg?x-oss-process=image/resize
گردنبند طلا 18 عیار زنانه با زنجیر کابلی ماوی گالری مدل یورمن و خط دایره,"۲۵۰,۲۳۳,۶۷۰",۵,https://dkstatics-public.digikala.com/digikala-products/11e93bae0664063bb64f71a9ca2f8d9d628e2311_1753264598.jpg?x-oss-process=image/resize
یخچال فریزر ساید بای ساید 29 فوت دوو مدل SXi30-10W,"۲۵۱,۹۰۰,۰۰۰",۴.۴,https://dkstatics-public.digikala.com/digikala-products/e418d283e9c0ffc5ab6eea04c4a99bd17700b8e8_1757852317.jpg?x-oss-process=image/resize
النگو طلا کم اجرت عیار 18 زنانه سهی مدل VB57-4,"۲۶۸,۶۷۱,۷۰۰",۵,https://dkstatics-public.digikala.com/digikala-products/84a0e6054eb39eae52a5d6932e2ea8e86dfc2194_1732804354.jpg?x-oss-process=image/resize
گردنبند طلا با طرح بافت 18 عیار زنانه الی گالری مدل بافت البرناردو الی رنگ سفید طلایی,"۳۰۶,۱۱۳,۷۳۰",NULL,https://dkstatics-public.digikala.com/digikala-products/e1906fa688b969051484a5c7fe690c4169abd603_1746082682.jpg?x-oss-process=image/resize
تک‌پوش طلا 18 عیار زنانه طلای کامک مدل زیرو,۵٪,NULL,https://dkstatics-public.digikala.com/digikala-products/5ce102622395487d89dd198925a485e95194201d_1770636103.jpg?x-oss-process=image/resize
یخچال فریزر ساید بای ساید 35 فوت دوو مدل SXi20-31S,"۲۸۹,۰۰۰,۰۰۰",۴.۲,https://dkstatics-public.digikala.com/digikala-products/1ee1159a4a85f2e12ff5ef0752ed0325e25320cf_1754236254.jpg?x-oss-process=image/resize
تلویزیون 75 اینچ ال ای دی ال جی مدل 75UA85006,"۲۵۹,۵۰۰,۰۰۰",۴,https://dkstatics-public.digikala.com/digikala-products/d5c81904ff0fdca1c0044ccdcb941897eecf6a47_1771414109.jpg?x-oss-process=image/resize
ساعت هوشمند 43 میلی‌متری گارمین مدل Fenix 8 Amoled با بند سیلیکونی,"۳۰۰,۰۰۰,۰۰۰",۳,https://dkstatics-public.digikala.com/digikala-products/57cbdc4df2918636d06e1ee026e40f3142c69acb_1734792642.jpg?x-oss-process=image/resize
یخچال فریزر دوقلو 21 فوت الکترواستیل مدل فیوچر,"۲۶۲,۰۰۰,۰۰۰",۳,https://dkstatics-public.digikala.com/digikala-products/7d7b67c21407e2a3a38d8a4883b9756d9d8ad2cc_1775406395.jpg?x-oss-process=image/resize
لپ تاپ 16 اینچی ایسوس مدل TUF Gaming F16 FX607VJ-Core 5 210H-RTX3050 6GB-16GB DDR4 3200MHz-512GB SSD-WUXGA 144Hz,"۲۵۳,۰۰۰,۰۰۰",۳.۷,https://dkstatics-public.digikala.com/digikala-products/3663f8ec79a1da87989127f2275505499b10702e_1786538654.jpg?x-oss-process=image/resize
لپ تاپ 16 اینچی ایسوس مدل TUF Gaming F16 FX607VJ-Core 5 210H-RTX3050 6GB-16GB DDR4 3200MHz-1TB SSD-WUXGA 144Hz - کاستوم شده,"۲۶۵,۹۹۰,۰۰۰",۳,https://dkstatics-public.digikala.com/digikala-products/f22597af7ab3e1faf2e08e5ed09dcea4401278cf_1771768002.jpg?x-oss-process=image/resize
دستبند النگویی طلا 18 عیار زنانه طلای کامک مدل لاو کارتیه سایز چهار,۵٪,NULL,https://dkstatics-public.digikala.com/digikala-products/5c2e762bedd6b249774f35aec7edf52ce0606473_1763469700.jpg?x-oss-process=image/resize
یخچال و فریزر ساید بای ساید 36 فوت دوو مدل ARSXi30-20W,"۲۹۷,۰۰۰,۰۰۰",۳.۶,https://dkstatics-public.digikala.com/digikala-products/f4329ae8e401ad4f14f8677a35414eb1a2ae6c9f_1755771637.jpg?x-oss-process=image/resize
یخچال فریزر دوقلو 40 فوت دوو مدل SRI/SFI-20SS,"۲۶۲,۰۰۰,۰۰۰",۴.۱,https://dkstatics-public.digikala.com/digikala-products/0a59891e72e668de9c9da46a16b982fb3c49c124_1754237395.jpg?x-oss-process=image/resize
لپ تاپ 16 اینچی ایسوس مدل TUF Gaming F16 FX608JH-i5 13450HX-12GB DDR5 5600MHz-512GB SSD-RTX5050 8GB-FHD 165Hz - کاستوم شده,"۲۹۸,۰۰۰,۰۰۰",NULL,https://dkstatics-public.digikala.com/digikala-products/874fe9485d21361939523092fe360dc328623599_1785134619.jpg?x-oss-process=image/resize
لپ تاپ 15.6 اینچی ایسر مدل Nitro V 15 ANV15-52-788T-i7 13620H-RTX3050 6GB-16GB DDR5 4800MHz-512GB SSD-FHD 165Hz,"۲۶۰,۹۹۰,۰۰۰",۴.۲,https://dkstatics-public.digikala.com/digikala-products/37321a28604cceb375f6f0801ca265162ff29fee_1761748461.jpg?x-oss-process=image/resize
شمش طلا 24 عیار توکنیکو مدل GTE-10,۳٪,۴.۶,https://dkstatics-public.digikala.com/digikala-products/6eae806bb91ba7df2107eeab49b94a7204e55d32_1747636738.jpg?x-oss-process=image/resize
نیم ست طلا 18 عیار زنانه مایا ماهک مدل MS0793 فرد,۱۶٪,NULL,https://dkstatics-public.digikala.com/digikala-products/9ca7748ea4801a5eb0f4cbed30be8d0ac211df07_1784035008.jpg?x-oss-process=image/resize
زنجیر طلا 18 عیار زنانه مدل گلستانه طرح کارتیه کد c6,۵٪,۲.۹,https://dkstatics-public.digikala.com/digikala-products/111f7cb1e1e6c8891c01b0437dffa295251aa698_1681716234.jpg?x-oss-process=image/resize
یخچال فریزر ساید بای ساید 28 فوت اسنوا مدل S3Di-S100-S,"۲۶۲,۳۱۵,۸۴۰",۳.۷,https://dkstatics-public.digikala.com/digikala-products/8d8eabbb4af42afc6b027020bed4c27f3337990d_1757428164.jpg?x-oss-process=image/resize
موتورسیکلت کبیرموتور طرح هوندا کلیک مدل 180cc سال 1405,۱۰٪,۳.۲,https://dkstatics-public.digikala.com/digikala-products/72b419ef20ed20a24a1ef59c521bf43a51397c8c_1777128441.jpg?x-oss-process=image/resize
گردنبند طلا 18 عیار زنانه ماوی گالری مدل تیغ ماهی 2,"۲۵۷,۸۶۳,۷۰۰",۵,https://dkstatics-public.digikala.com/digikala-products/a36168eb4e14c3aee2eb88685b747961c33be818_1707120088.jpg?x-oss-process=image/resize
پیچ گوشتی شارژی فاین مدل ASM 14-12,"۲۷۸,۱۶۳,۰۰۰",NULL,https://dkstatics-public.digikala.com/digikala-products/a148c463c59ae95b7dea772d8c9ac66a155e1cbe_1643530421.jpg?x-oss-process=image/resize
شمش طلا 24 عیار توکنیکو مدل سیمکارتی بسته 10 عددی,"۳۴۰,۴۶۲,۸۱۰",۵,https://dkstatics-public.digikala.com/digikala-products/09b898712e7e6ee91ae3cfb96779334063ecfe7d_1747647402.jpg?x-oss-process=image/resize
شمش طلا 999.9 عیار پمپ مدل T-2.5,۳٪,۵,https://dkstatics-public.digikala.com/digikala-products/93922290aae810333619a4dd783bf8d190d34cdb_1759927249.jpg?x-oss-process=image/resize
دستبند زنجیری طلا 18 عیار زنانه طلای کامک مدل کارتیه,۵٪,۳.۸,https://dkstatics-public.digikala.com/digikala-products/43e5ec213614fda6652974446ba3337b9618e293_1735420615.jpg?x-oss-process=image/resize
شمش نقره جی تی ای مدل G_SH,"۲۷۵,۱۵۵,۰۰۰",۴.۵,https://dkstatics-public.digikala.com/digikala-products/ee5053c34ae5d128611d030774e8ca28f05fde85_1778506725.jpg?x-oss-process=image/resize
لپ تاپ 15.6 اینچی ایسر مدل Aspire Nitro V15 ANV15-52-57BB-Core i5-13420H-RTX5050 8GB-16GB DDR4 3200MHz-512GB SSD-FHD 165Hz-W,"۲۸۸,۹۹۰,۰۰۰",۴.۴,https://dkstatics-public.digikala.com/digikala-products/ebd915d72eaacc0a67fe768f31c419cbad59030a_1766139017.jpg?x-oss-process=image/resize
شمش طلا 995 عیار ایران‌شمش مدل سیمرغ کد 1000,۵٪,۴.۵,https://dkstatics-public.digikala.com/digikala-products/351f8c84e71b1125d63513cbcf9099c6f2b963fc_1625489327.jpg?x-oss-process=image/resize
تلویزیون 75 اینچ ال ای دی هوشمند ال جی مدل 75QNED86A6A,"۳۶۳,۰۰۰,۰۰۰",۳,https://dkstatics-public.digikala.com/digikala-products/1326e22ac04fc18ef36fd4fe96804e1e3329226e_1770644347.jpg?x-oss-process=image/resize
شمش طلا 18 عیار مدل وتوس مدل ملکه کد NE 5000,"۲۷۶,۰۶۵,۳۵۰",۴.۳,https://dkstatics-public.digikala.com/digikala-products/b17559fa4ed2dd68529f8572772c6cab8f5a5c00_1609245501.jpg?x-oss-process=image/resize
شمش طلا 24 عیار ایران شمش مدل سیمرغ,"۳۹۰,۱۱۵,۷۲۰",۴.۸,https://dkstatics-public.digikala.com/digikala-products/23e3c7956634e0e40e26229fda4e031250acd460_1776861566.jpg?x-oss-process=image/resize
شمش طلا 24 عیار پارسیس مدل 10,۲٪,۴.۲,https://dkstatics-public.digikala.com/digikala-products/3f0d46909f0283e6eda4e595b7a2ca1bf1b3a05e_1664698221.jpg?x-oss-process=image/resize
النگو طلا کم اجرت عیار 18 زنانه سهی مدل VB15-4,"۳۲۴,۱۴۶,۴۳۰",۴.۹,https://dkstatics-public.digikala.com/digikala-products/fd6c89cdbbf0056326ac62a13f4ddfa1d0e22b49_1604831256.jpg?x-oss-process=image/resize
دستبند طلا 18 عیار مردانه دوست خوب مدل Dk046,۲٪,NULL,https://dkstatics-public.digikala.com/digikala-products/bfd3c6ebe6775901ef93825233edaf720f5e59fb_1720647265.jpg?x-oss-process=image/resize
لپ‌تاپ لنوو مدل LOQ 15IRX9 با پردازنده Core i7-13650HX و گرافیک RTX3050 6GB، حافظه SSD با ظرفیت 512GB، نمایشگر 15.6 اینچ IPS با وضوح Full HD و نرخ به‌روزرسانی 144Hz، دارای نور پس‌زمینه کیبورد,"۳۰۹,۹۰۰,۰۰۰",۴.۶,https://dkstatics-public.digikala.com/digikala-products/441235101d79a2c9c21a9dee68da8769fec3300e_1786538651.jpg?x-oss-process=image/resize
لپ تاپ 15.6 اینچی لنوو مدل LOQ 15IRX9-i5 13450HX-RTX3050 6GB-24GB DDR5 4800MHz-512GB SSD-FHD 144Hz,۲٪,۴.۶,https://dkstatics-public.digikala.com/digikala-products/fe3af2a9a03967de99e0c8f44d35f5d58b3621b3_1736428388.jpg?x-oss-process=image/resize
نیم ست طلا 18 عیار زنانه طلای مستجابی مدل پیوه ژن K27 کد 102,۵٪,NULL,https://dkstatics-public.digikala.com/digikala-products/84e0553d2a439c2ed69b9ed39933c73f8683a110_1752758522.jpg?x-oss-process=image/resize
کولر گازی 24 هزار ال جی مدل New Titan NB246TQ 24000,"۳۴۱,۰۰۰,۰۰۰",۲.۷,https://dkstatics-public.digikala.com/digikala-products/98af6926b671ff18d9808ebcae19680c7fe835e1_1754836063.jpg?x-oss-process=image/resize
دستبند النگویی طلا 18 عیار زنانه طلای مستجابی کد ُS2,۶٪,۳.۵,https://dkstatics-public.digikala.com/digikala-products/7412a7ad8425ac336d008e4a7fcd78f3ba0f5680_1683027494.jpg?x-oss-process=image/resize
گردنبند طلا 18 عیار زنانه الی گالری مدل کارتیه کد 170,"۳۲۶,۵۰۱,۸۹۰",NULL,https://dkstatics-public.digikala.com/digikala-products/460ce6f056e456fce01f52465924d37f1f4ea1c4_1741002381.jpg?x-oss-process=image/resize
دستبند النگویی طلا 18 عیار زنانه ماوی گالری مدل کارتیه لاو پهن,"۲۸۲,۲۳۰,۴۵۰",۱.۷,https://dkstatics-public.digikala.com/digikala-products/91461aaf90dc2618acb4d35acf362bf503171482_1704532449.jpg?x-oss-process=image/resize
ساعت هوشمند 51 میلی‌متری گارمین مدل Fenix 8 Amoled Sapphire با بند سیلیکونی,"۲۶۶,۰۰۰,۰۰۰",NULL,https://dkstatics-public.digikala.com/digikala-products/47c83416b10eaca302c702993be6d7dbecdaf719_1771330634.jpg?x-oss-process=image/resize
النگو طلا کم اجرت 18 عیار زنانه سهی مدل VB71,"۳۱۶,۲۶۰,۳۱۰",۵,https://dkstatics-public.digikala.com/digikala-products/2641f5ed100831505b9ab8c7d8dc0b21b3811656_1782901208.jpg?x-oss-process=image/resize
یخچال فریزر ساید بای ساید 35 فوت دوو مدل SXi20-31W,"۲۸۱,۸۸۰,۰۰۰",۳.۶,https://dkstatics-public.digikala.com/digikala-products/7e9f85d70d6f7ff003f267010eaa2472acd7f3e0_1754237457.jpg?x-oss-process=image/resize
یخچال و فریزر دوقلو 36 فوت دیپوینت مدل Explore,"۲۷۶,۴۵۰,۰۰۰",۴,https://dkstatics-public.digikala.com/digikala-products/f5a4f211b51c338557e11a299a6baa1033b36d21_1754235256.jpg?x-oss-process=image/resize
دوربین دیجیتال بدون آینه کانن مدل EOS RP,"۲۵۰,۰۰۰,۰۰۰",۳.۷,https://dkstatics-public.digikala.com/digikala-products/8e65096ae67115979776bd8a385924dba12704d1_1754252701.jpg?x-oss-process=image/resize
زنجیر طلا 18 عیار زنانه مدل طنابی T40Z15,"۲۵۱,۰۸۱,۴۳۰",۳.۸,https://dkstatics-public.digikala.com/digikala-products/2b86e365d6ef0049594e9b5fe85a9e729a987079_1680758706.jpg?x-oss-process=image/resize
موتور سیکلت کبیرموتور طرح هوندا کلیک مدل اتاق جدید کد 170cc سال 1405,"۴۱۱,۰۰۰,۰۰۰",۳.۳,https://dkstatics-public.digikala.com/digikala-products/e893e6942bf149a6b4e275cbd5e8477cfe872cf5_1777128052.jpg?x-oss-process=image/resize
ذخیره ساز تحت شبکه کیونپ مدل TS-832PX-4GB,"۳۱۵,۰۰۰,۰۰۰",NULL,https://dkstatics-public.digikala.com/digikala-products/94248e3011f73612d60664796e470dda4cc2ea8e_1634121805.jpg?x-oss-process=image/resize
نیم ست طلا 18 عیار زنانه مایا ماهک مدل MS0802 طرح آمورا,۲٪,NULL,https://dkstatics-public.digikala.com/digikala-products/26162123a96a64e5b28be107220b83035340c0d6_1785686306.jpg?x-oss-process=image/resize
گردنبند طلا 18 عیار زنانه طلای مستجابی مدل هرمس E797 کد 45,۶٪,NULL,https://dkstatics-public.digikala.com/digikala-products/84a23fd0ecf0e83d254bdf0770b3118dfc85a437_1741956244.jpg?x-oss-process=image/resize
دستبند النگویی طلا کم اجرت 18 عیار زنانه طلا و شمش برلیان مدل جسیکا,"۲۵۸,۰۶۶,۲۴۰",۵,https://dkstatics-public.digikala.com/digikala-products/9563a5f58737aa075fa2b419fc452d2c1877930f_1781366078.jpg?x-oss-process=image/resize
شمش طلا 24 عیار ایران‌ شمش مدل سیمرغ 1g,۳٪,۴.۸,https://dkstatics-public.digikala.com/digikala-products/38fd28914b2333b5be21e45c6e7da66f94733528_1776255347.jpg?x-oss-process=image/resize
النگو طلا 18 عیار زنانه طلای مستجابی کد CR4,۸٪,۴.۴,https://dkstatics-public.digikala.com/digikala-products/2462104b3570f7d57172fc9c7f33d3789ea5ecca_1685221068.jpg?x-oss-process=image/resize
یخچال فریزر ساید بای ساید 32 فوت دوو مدل SXi20-30,"۲۹۱,۵۵۳,۵۵۰",۳.۵,https://dkstatics-public.digikala.com/digikala-products/4f307a894a9320fdcd52daf82041f8d59441ddfe_1757327229.jpg?x-oss-process=image/resize
ست حلقه طلا 18 عیار زنانه و مردانه طلای مستجابی مدل رزا کد T575,۷٪,NULL,https://dkstatics-public.digikala.com/digikala-products/23629cff0c553ccb8654aa9263035666befe320f_1757756540.jpg?x-oss-process=image/resize
دستبند طلا کم اجرت 18 عیار زنانه طلا و شمش برلیان مدل کارتیه بافت متراکم,۲٪,۳.۷,https://dkstatics-public.digikala.com/digikala-products/4e22b638e78d0310d00758c18bdf4a90feae391c_1779123813.jpg?x-oss-process=image/resize
سکه گرمی طلا 18 عیار امین زر مدل a0010,"۲۵۳,۲۴۵,۳۰۰",۵,https://dkstatics-public.digikala.com/digikala-products/500a8a70613fc1179480d5bb3b98d63b732b9797_1789286247.jpg?x-oss-process=image/resize
نیم ست طلا کم اجرت 18 عیار زنانه طلا و شمش برلیان مدل اونیکس,۲٪,NULL,https://dkstatics-public.digikala.com/digikala-products/ca54e10c24f466a0a9dc40dda75c4e6a37bdfce0_1758635987.jpg?x-oss-process=image/resize
شمش طلا 24 عیار ایران‌شمش مدل سیمرغ,۸٪,۴.۵,https://dkstatics-public.digikala.com/digikala-products/73f3b9ef709b9211ba50c65035ccdc288ec9a010_1650107650.jpg?x-oss-process=image/resize
شمش طلا 24 عیار ایران‌شمش مدل سیمرغ کد T-1,۳٪,۴.۲,https://dkstatics-public.digikala.com/digikala-products/62f87821c7260cc646b0e7cdec07b28d65de4013_1744881955.jpg?x-oss-process=image/resize
صندلی ماساژور میتسوشیدا مدل KC-Z69,"۲۷۵,۰۰۰,۰۰۰",NULL,https://dkstatics-public.digikala.com/digikala-products/ae01028c5ee5423d9d3dd83b4121bed25646cd81_1782653037.jpg?x-oss-process=image/resize
آویز گردنبند طلا 18 عیار زنانه نیکان گلد طرح رقص باله کد 5,۳٪,۴.۵,https://dkstatics-public.digikala.com/digikala-products/9ecab0096429cf2bc058d8c227c26ce584922e90_1746448774.jpg?x-oss-process=image/resize
میکروفن کندانسر نیومن مدل BCM 104,"۲۸۶,۰۰۰,۰۰۰",NULL,https://dkstatics-public.digikala.com/digikala-products/e1e91e6a6a5a3446ab0c186a64ea3c4f1d68639c_1746622116.jpg?x-oss-process=image/resize
النگو طلا 18 عیار زنانه الی گالری مدل دیورا مستطیل گوارسه,"۳۴۳,۶۸۶,۲۰۰",NULL,https://dkstatics-public.digikala.com/digikala-products/ccac36ebad60da3e35b7aaeea12875b53a1cde4a_1785921251.jpg?x-oss-process=image/resize
نیم ست طلا 18 عیار زنانه طلای کامک مدل برگ,۵٪,NULL,https://dkstatics-public.digikala.com/digikala-products/1317a9c99b9901dac90ef5a168b0164cda1e1ab7_1777822251.jpg?x-oss-process=image/resize
ساچمه نقره مدل 999/9,"۲۷۶,۶۰۵,۰۰۰",۲.۵,https://dkstatics-public.digikala.com/digikala-products/969a31cc03d493f3928735a9811dcfc73f1cebf1_1772902168.jpg?x-oss-process=image/resize
شمش طلا 24 عیار طلای محمد مدل برج آزادی SNF,"۳۳۵,۶۱۵,۵۱۰",۴.۳,https://dkstatics-public.digikala.com/digikala-products/0474122bb924a6bdfc74ed97d5b6e7d717b37b69_1712202403.jpg?x-oss-process=image/resize
شمش طلا 24 عیار ایران‌شمش مدل سیمرغ کد T-0.1,۳٪,۴.۶,https://dkstatics-public.digikala.com/digikala-products/dbd9e7d446877b5fbb39b733c2c09f4eb3f3fae8_1744883413.jpg?x-oss-process=image/resize
لپ تاپ 15.6 اینچی ایسوس مدل TUF Gaming F15 FX507VV-LP139-i7 13620H-16GB DDR5-1TB SSD-RTX4060-FHD - کاستوم شده,"۳۶۰,۹۹۰,۰۰۰",NULL,https://dkstatics-public.digikala.com/digikala-products/07452e880323b7c419bd9a833f61c9dcd4d21a2a_1747211369.jpg?x-oss-process=image/resize
گردنبند طلا کم اجرت 18 عیار زنانه با زنجیر بافت طلا و شمش برلیان مدل پنجشیر,۲٪,۴.۴,https://dkstatics-public.digikala.com/digikala-products/c24e2c2d790fe41a769bc4dd534425eba398ce75_1740416806.jpg?x-oss-process=image/resize
دوچرخه کوهستان کمپ مدل کربن PRO SL 9.2 هیدرولیکی 24 دنده 2 به 12 سایز طوقه 29 اینچ,۱۰٪,NULL,https://dkstatics-public.digikala.com/digikala-products/1841f4fb61339a3045bfc10e2ed684d742112755_1778416973.jpg?x-oss-process=image/format
لپ تاپ 15.6 اینچی لنوو مدل LOQ 15IRX10-i7 14700HX-16GB DDR5 4800MHz-512GB SSD-RTX5050 8GB-FHD 144Hz - کاستوم شده,"۳۲۸,۴۹۰,۰۰۰",NULL,https://dkstatics-public.digikala.com/digikala-products/2bcbef2f0043b67b78daabd0169ef0fea6c878c0_1758094830.jpg?x-oss-process=image/resize
شمش طلا 18 عیار وتوس مدل 02 کد SN1428,"۲۶۶,۰۲۶,۶۱۰",۴.۱,https://dkstatics-public.digikala.com/digikala-products/115022224.jpg?x-oss-process=image/resize
النگو طلا کم اجرت 18 عیار زنانه طلا و شمش برلیان مدل به تا,۱٪,NULL,https://dkstatics-public.digikala.com/digikala-products/fe8b23ee230698aedbd8cadc4045f78eac744463_1746709320.jpg?x-oss-process=image/resize
ذخیره ساز تحت شبکه کیونپ مدل TS-832PX 4G,"۳۱۰,۰۰۰,۰۰۰",NULL,https://dkstatics-public.digikala.com/digikala-products/665d80054d75caf336eb27c9369eebf5cdb35f5c_1781418916.jpg?x-oss-process=image/resize
موتور برق بنزینی 36 اسب بخار کنزاکس مدل 6195,"۳۰۰,۰۰۰,۰۰۰",۴.۲,https://dkstatics-public.digikala.com/digikala-products/3301cc4055689440c581ab3d1e17b4797dcc29a4_1774353698.jpg?x-oss-process=image/resize
گردنبند طلا 18 عیار زنانه طلای کامک مدل اماراتی,۵٪,۳.۱,https://dkstatics-public.digikala.com/digikala-products/c1db8d6018e4dde272b404b8d096d55cac42e3ad_1717701849.jpg?x-oss-process=image/resize
شمش طلا 999.9 عیار پمپ مدل T-10,۳٪,۳.۷,https://dkstatics-public.digikala.com/digikala-products/517253971881b0278479e39d3ce8d265fc887ebd_1759925076.jpg?x-oss-process=image/resize
جارو رباتیک شیائومی مدل 6 Max,"۲۵۸,۵۰۰,۰۰۰",NULL,https://dkstatics-public.digikala.com/digikala-products/2f87ee709fb82d3c7a795cd7293997e8e495ce22_1786611934.jpg?x-oss-process=image/resize
نیم ست طلا 18 عیار زنانه طلای کامک مدل تراش 010,۵٪,NULL,https://dkstatics-public.digikala.com/digikala-products/dfe98213e4a016550d9e990059ffef7720483493_1783518037.jpg?x-oss-process=image/resize
شمش طلا 24 عیار ایران‌شمش مدل سیمرغ کد T-10,۳٪,۴.۶,https://dkstatics-public.digikala.com/digikala-products/66c232e341b4bbd6f5f8821be7a7628a495e65f3_1746625915.jpg?x-oss-process=image/resize
تک‌پوش طلا 18 عیار زنانه طلای کامک مدل پروانه,۵٪,NULL,https://dkstatics-public.digikala.com/digikala-products/74079a023be841f2fe1a0918bd4942bb2dff05b4_1775213850.jpg?x-oss-process=image/resize
کامپیوتر دسکتاپ فاطر مدل 13400f rtx4060,"۲۹۸,۰۰۰,۰۰۰",NULL,https://dkstatics-public.digikala.com/digikala-products/8f598b393464e90ba838cfa67210d32845f6bbae_1739636155.jpg?x-oss-process=image/resize
جارو رباتیک روبوراک مدل Saros 10,"۳۷۳,۴۰۰,۰۰۰",۵,https://dkstatics-public.digikala.com/digikala-products/5fd761373343a03c9425f921ca3c64e6ea88067e_1761134726.jpg?x-oss-process=image/resize
لپ تاپ 16 اینچی ایسوس مدل TUF Gaming A16 FA607NUQ-Ryzen 7 170-RTX4050 6GB-16GB DDR5 4800MHz-512GB SSD-WUXGA 144Hz,"۲۷۴,۰۰۰,۰۰۰",۵,https://dkstatics-public.digikala.com/digikala-products/4a6bb2616cc2a31d437d9ca13c61bec64edd4ad9_1780472986.jpg?x-oss-process=image/resize
لپ تاپ 15.6 اینچی اچ‌ پی مدل Victus 15t FA200-Core 7 240H-16GB DDR5 5600MHz-1TB SSD-RTX5050 8GB-FHD 144Hz-W,"۳۴۱,۳۰۰,۰۰۰",NULL,https://dkstatics-public.digikala.com/digikala-products/687d6be9b34a8f932ddefddf84aed7ecc47a595f_1763450762.jpg?x-oss-process=image/resize
یخچال و فریزر ساید بای ساید 28 فوت اسنوا مدل S2Di-M210-S,"۲۶۹,۰۰۰,۰۰۰",۴.۵,https://dkstatics-public.digikala.com/digikala-products/4ffec5251cbbcdaf1b65de3ea50d46b6e50a7aa7_1754235989.jpg?x-oss-process=image/resize
ماشین لباسشویی 9 کیلوگرم اتوماتیک بوش مدل wgb244axgc,"۳۶۳,۰۰۰,۰۰۰",۳,https://dkstatics-public.digikala.com/digikala-products/29fdbbebc349d7e36bc85aa9d353378f10f03ae6_1787422390.jpg?x-oss-process=image/resize
انگشتر طلا 18 عیار مردانه نیکان گلد مدل شیر 399 سایز 62,۴٪,NULL,https://dkstatics-public.digikala.com/digikala-products/0fe1b3ce74a145688a55c486efa7cb1ffafd7afd_1752923713.jpg?x-oss-process=image/resize
لپ تاپ 16 اینچی ایسوس مدل TUF Gaming F16 FX608JHR-i7 14650HX-RTX5050 8GB-16GB DDR5 5600MHz-512GB SSD-WUXGA 165Hz,"۳۴۴,۸۰۰,۰۰۰",NULL,https://dkstatics-public.digikala.com/digikala-products/88f45995475d68c488b74804c66fef65df7c490e_1782126789.jpg?x-oss-process=image/resize
تلویزیون 85 اینچ ال ای دی ال جی مدل 85NU840B,"۳۶۹,۰۰۰,۰۰۰",NULL,https://dkstatics-public.digikala.com/digikala-products/75cd0338cb6ab196081625cc253e2339da7099b7_1786280960.jpg?x-oss-process=image/resize
یخچال فریزر دوقلو 44 فوت کلور مدل روسو با آبسردکن سری 70,"۲۵۷,۰۰۰,۰۰۰",NULL,https://dkstatics-public.digikala.com/digikala-products/4cf32613e27b2aebdb70c219e1ac81e18eb9f1ad_1786552302.jpg?x-oss-process=image/resize
النگو طلا 18 عیار زنانه طلای مستجابی مدل تیفانی سلین کد T1610,۸٪,NULL,https://dkstatics-public.digikala.com/digikala-products/3a585bcc04a8904a2f4e1ed03fea9899b0d7bc52_1753283027.jpg?x-oss-process=image/resize
شمش طلا 24 عیار ایران‌شمش مدل is-0.4,۳٪,۴.۵,https://dkstatics-public.digikala.com/digikala-products/9c1b444e8890c379bde37b27fd17b1e443809bb7_1740378477.jpg?x-oss-process=image/resize
دستبند طلا کم اجرت 18 عیار زنانه طلا و شمش برلیان مدل کارتیه ضخیم,۲٪,۴,https://dkstatics-public.digikala.com/digikala-products/dfb71964d5ef05baa4a39ba33a28de872c60e3ae_1733001362.jpg?x-oss-process=image/resize
لپ تاپ 15.6 اینچی لنوو مدل LOQ 15IAX9E-i7 12650HX-RTX4050 6GB-16GB DDR5 4800MHz-512GB SSD-FHD 144Hz,"۲۹۳,۹۰۰,۰۰۰",۴.۵,https://dkstatics-public.digikala.com/digikala-products/ebbc1e67c0f1479ec4eb2958d482ace7d5690f22_1762352507.jpg?x-oss-process=image/resize
وب کم مدل 4K PTZ AI Function 4X Zoom Auto Tracking Focus,"۲۵۲,۰۰۰,۰۰۰",NULL,https://dkstatics-public.digikala.com/digikala-products/863fd730ef3052ca5eb283a92d476f5818ec5928_1719921494.jpg?x-oss-process=image/resize
لپ تاپ 16 اینچی ایسوس مدل TUF Gaming F16 FX608JH-i5 13450HX-24GB DDR5 5600MHz-512GB SSD-RTX5050 8GB-FHD 165Hz - کاستوم شده,"۳۴۹,۴۰۰,۰۰۰",NULL,https://dkstatics-public.digikala.com/digikala-products/3732bcb256f2a89895a55c262cf56e6a0851a416_1785134831.jpg?x-oss-process=image/resize
نیم ست طلا 18 عیار زنانه جواهری سون مدل 5457,۶٪,NULL,https://dkstatics-public.digikala.com/digikala-products/08a08b92ea9763db88e8c13bfbc56d310d52b1f0_1754314699.jpg?x-oss-process=image/resize
تلویزیون 85 اینچ ال ای دی هوشمند جی پلاس مدل GTV-85SQ866S,"۲۸۸,۰۰۰,۰۰۰",NULL,https://dkstatics-public.digikala.com/digikala-products/d3612a79274d483015d824d0e42c6bf8e84249a3_1752915318.jpg?x-oss-process=image/resize
موتور سیکلت نیرو موتور مدل BX-200 سی سی سال 1405,"۴۱۰,۹۸۸,۶۰۰",NULL,https://dkstatics-public.digikala.com/digikala-products/436ffcb6b9fcb2e30111d748377ce74801d08d83_1781418288.jpg?x-oss-process=image/resize
دستبند زنجیری طلا 18 عیار زنانه طلای مستجابی مدل کارتیر کد 18T432,۶٪,NULL,https://dkstatics-public.digikala.com/digikala-products/a609474a6c1e0b561871568e41cc0f82fbde07f8_1763817861.jpg?x-oss-process=image/resize
ساعت هوشمند گارمین مدل Fenix 8 - 51mm AMOLED، مناسب برای ورزش، روزمره، دارای قابلیت‌های صفحه نمایش رنگی، کنترل موسیقی، کنترل سطح اکسیژن خون، بند سیلیکونی، فناوری GPS، با حافظه داخلی 32 گیگابایت,"۳۷۴,۰۰۰,۰۰۰",NULL,https://dkstatics-public.digikala.com/digikala-products/95d05e1352fe60baa57e5a4e93a1f98dd43bbac2_1737884133.jpg?x-oss-process=image/resize
لپ تاپ 18 اینچی ایسوس مدل ROG STRIX G18 G815JMR-Core i7 14650HX-RTX5060 8GB-16GB DDR5 5600MHz-512GB SSD-WUXGA 144Hz-W - کاستوم شده,"۴۲۹,۰۰۰,۰۰۰",NULL,https://dkstatics-public.digikala.com/digikala-products/3c12b4c2301e61489369ea5774fca8ad0357ace5_1788943863.jpg?x-oss-process=image/resize
نیم ست طلا 18 عیار زنانه طلای مستجابی مدل رستا T1918 کد 2,۵٪,NULL,https://dkstatics-public.digikala.com/digikala-products/323cc9cd031ee10e898c96ce29ae9cde6a62d7dc_1783971683.jpg?x-oss-process=image/resize
آچار بکس فاین مدل ASW 18-12 PC,"۳۶۵,۰۰۰,۰۰۰",NULL,https://dkstatics-public.digikala.com/digikala-products/0bd01325de9e102ba4303b194960ca4fb2980b30_1705409659.jpg?x-oss-process=image/resize
النگو طلا 18 عیار زنانه طلای مستجابی مدل ایرنا 3,۱۰٪,۴.۲,https://dkstatics-public.digikala.com/digikala-products/284cbd263b3677ae052df76819fdde70c8f3c8d8_1681158821.jpg?x-oss-process=image/resize
بنگل طلا 18 عیار زنانه الی گلد گالری مدل ونکلیف نیمه نگینی,"۲۸۹,۸۰۳,۲۰۰",NULL,https://dkstatics-public.digikala.com/digikala-products/9400ef33289c557149892514a19894e2ed49d2b3_1740995911.jpg?x-oss-process=image/resize
لپ تاپ 15.6 اینچی لنوو مدل LOQ 15IRX10-i7 13700HX-16GB DDR5 4800MHz-512GB SSD-RTX5050 8GB-FHD 144Hz,"۳۳۰,۹۹۹,۰۰۰",۵,https://dkstatics-public.digikala.com/digikala-products/a1af04254b6b6bdbbdd4fed626cd03d2659c6861_1762945417.jpg?x-oss-process=image/resize
کولر گازی اسپلیت دیواری 25000 اینورتر ال جی مدل ARTU26T4,"۲۵۰,۰۰۰,۰۰۰",۵,https://dkstatics-public.digikala.com/digikala-products/8a10fc26b704ddc25b16fbc9e9fc4230294eae08_1771584801.jpg?x-oss-process=image/resize
یخچال و فریزر دوقلو لئوکو مدل LR300 ROYAL,"۲۵۱,۳۵۴,۰۳۰",۴.۱,https://dkstatics-public.digikala.com/digikala-products/a7e33f3c36be97311c2571f9750997f8a50d3fd4_1754252041.jpg?x-oss-process=image/resize
شمش طلا 24 عیار ایران‌شمش مدل IRSHS995,۱۲٪,۴.۵,https://dkstatics-public.digikala.com/digikala-products/f009e16c67267ac517d4cc6425659d7d7b03773d_1657877138.jpg?x-oss-process=image/resize
گردنبند طلا کم اجرت 18 عیار زنانه گالری طلای ونوسام مدل کارتیه سوپر کد vns895,"۳۶۹,۲۳۷,۴۰۰",۴,https://dkstatics-public.digikala.com/digikala-products/164127db2afe34dac9460d9b9f787416789b11a5_1740405117.jpg?x-oss-process=image/resize
لپ تاپ 15.6 اینچی اچ‌ پی مدل Victus 15 Gaming fa2082wm-i5 13420H-RTX4050 6GB-16GB DDR4 3200MHz-1TB SSD-FHD 144Hz-W - کاستوم شده,"۲۵۹,۸۰۰,۰۰۰",۴.۶,https://dkstatics-public.digikala.com/digikala-products/979097de89dc28e388d48f9d9ff6ad53832a753b_1786538647.jpg?x-oss-process=image/resize
گردنبند طلا کم اجرت 18 عیار زنانه با زنجیر طرح کارتیه شریف زر مدل اسپرت,"۳۰۳,۹۸۳,۰۸۰",۵,https://dkstatics-public.digikala.com/digikala-products/4436ca6f64591e95a1e588682340e9e27eb91339_1758438453.jpg?x-oss-process=image/resize
میکسر قنادی دنده ای اصفهان زمانی مدل ZM50_380v_3phaze,"۳۱۰,۰۰۰,۰۰۰",NULL,https://dkstatics-public.digikala.com/digikala-products/755d388dc947946cbd7541a55232864422388fec_1778328865.jpg?x-oss-process=image/resize
جی پی اس ایستگاهی هیرو مدل Xima s22,"۴۲۶,۰۰۰,۰۰۰",NULL,https://dkstatics-public.digikala.com/digikala-products/ee3b858588bbb4a3b134183447edf89f3f8d9ffc_1779784803.jpg?x-oss-process=image/resize
موتور برق بنزینی 12 اسب بخار کنزاکس مدل XY190F-1 سایلنت 7700 وات کد 6168,"۳۱۹,۰۰۰,۰۰۰",۳,https://dkstatics-public.digikala.com/digikala-products/d2e3e3336dbad4bad57340fd2b4f27ce1d963977_1753655150.jpg?x-oss-process=image/resize
شمش طلا 24 عیار ایران‌شمش مدل سیمرغ 0.5,۳٪,۴.۴,https://dkstatics-public.digikala.com/digikala-products/6b664f95c975c49fe432722ddc390a3cdb421ae0_1776087060.jpg?x-oss-process=image/resize
کامپیوتر دسکتاپ فاطر مدل Rtx3060ti,"۲۵۶,۰۰۰,۰۰۰",۲.۸,https://dkstatics-public.digikala.com/digikala-products/2cfce2ef33af99923d9ff0cce6ce2bc9dbad2ef7_1736873115.jpg?x-oss-process=image/resize
ساچمه نقره مدل 999,"۲۹۳,۴۰۰,۰۰۰",۳.۵,https://dkstatics-public.digikala.com/digikala-products/e415446896f151829fccb74531bcb419846e1be2_1785582595.jpg?x-oss-process=image/resize
کامپیوتر دسکتاپ تک زون مدل TZ14100F Gaming ProMax RTX,"۲۷۴,۴۰۰,۰۰۰",۳,https://dkstatics-public.digikala.com/digikala-products/9cc789a1ff696055fe4c6ad8d72db041fa7f67d1_1754118385.jpg?x-oss-process=image/resize
شمش طلا 24 عیار ایران‌شمش مدل سیمرغ va 991,۵٪,۴.۵,https://dkstatics-public.digikala.com/digikala-products/45452c3c18a40026c983bdda51a4af07c0131790_1722773019.jpg?x-oss-process=image/resize
لپ تاپ 15.6 اینچی ام اس آی مدل Cyborg 15 B2RWEKG-Core 7 240H-16GB DDR5 5600MHz-512GB SSD-RTX5050 8GB-FHD 144Hz,"۲۹۹,۸۹۰,۰۰۰",۵,https://dkstatics-public.digikala.com/digikala-products/269fd6b98ad407866fb2d8d395710a346fed67c5_1763405009.jpg?x-oss-process=image/resize
ماشین لباسشویی اتوماتیک بوش مدل WGB2560X0 ظرفیت 10 کیلوگرم,"۳۹۰,۰۰۰,۰۰۰",۵,https://dkstatics-public.digikala.com/digikala-products/e89f69bc769cea40bd8d90e2a56d1448dad5abc3_1787422389.jpg?x-oss-process=image/resize
اس اس دی اینترنال سامسونگ مدل EVO 870 ظرفیت 4 ترابایت,۸٪,۴.۵,https://dkstatics-public.digikala.com/digikala-products/543a8849e139d16d636e2adf839a2796f85e8207_1627056800.jpg?x-oss-process=image/resize
لپ تاپ 15.6 اینچی لنوو مدل LOQ 15IRX9-i5 13450HX-RTX 3050 6GB-16GB DDR5 4800MHz-512GB SSD-FHD 144Hz,۳٪,۴.۱,https://dkstatics-public.digikala.com/digikala-products/e90070a3874425e74bb6aa085f5c29ee3fe4e7fb_1786538653.jpg?x-oss-process=image/resize
موتورسیکلت پیشرو مدل باکسر BM-200 سی سی سال 1404,"۴۱۳,۰۰۰,۰۰۰",NULL,https://dkstatics-public.digikala.com/digikala-products/fc6e050ccc11f17136dbb0027774b840ff0bc2de_1785823192.jpg?x-oss-process=image/resize
زنجیر طلا 18 عیار مردانه طلای مستجابی طرح فیگارو مدل گلستانه کد G55,۴٪,NULL,https://dkstatics-public.digikala.com/digikala-products/a283832190a375e6959d08db1e806775076b7c67_1736683865.jpg?x-oss-process=image/resize
لپ تاپ 15.6 اینچی لنوو مدل LOQ 15IRX9-i7 13650HX-32GB DDR5 4800MHz-1TB SSD-RTX4050 6GB-FHD 144Hz - کاستوم شده,"۳۷۸,۷۰۰,۰۰۰",NULL,https://dkstatics-public.digikala.com/digikala-products/c631f750e9b5fa8e8f05b18f131ca864c903d468_1757408656.jpg?x-oss-process=image/resize
شمش طلا 24 عیار ایران‌شمش مدل سیمرغ کد T-0.15,۳٪,۴.۴,https://dkstatics-public.digikala.com/digikala-products/19e096cd0276e6ffaf44689e6bd949db09e8a754_1744883135.jpg?x-oss-process=image/resize
لپ تاپ 16 اینچی ایسوس مدل TUF Gaming F16 FX608JHR-i7 14650HX-RTX5050 8GB-32GB DDR5 5600MHz-2TB SSD-WUXGA 165Hz - کاستوم شده,"۴۲۹,۰۰۰,۰۰۰",NULL,https://dkstatics-public.digikala.com/digikala-products/8fde7c138f10f00f18c0dca1c68e549746f2f122_1782199119.jpg?x-oss-process=image/resize
آویز گردنبند طلا 18 عیار زنانه نیکان گلد طرح مرداد,۳٪,۵,https://dkstatics-public.digikala.com/digikala-products/1babb1ebdf20b6f1877c3dcad2086031c17bbde1_1746528693.jpg?x-oss-process=image/resize
لپ تاپ 16 اینچی ایسوس مدل TUF Gaming F16 FX607VU-Core i7 13620H-RTX4050 6GB-16GB DDR5 4800MHz-1TB SSD-FHD 144Hz,"۳۴۵,۹۹۰,۰۰۰",۵,https://dkstatics-public.digikala.com/digikala-products/c4171cb4286536b3ed72a8141f3c60885ad9a491_1782202573.jpg?x-oss-process=image/resize
شمش طلا 24 عیار ایران‌شمش مدل سیمرغ کد T-1.5,۳٪,۴,https://dkstatics-public.digikala.com/digikala-products/d3ddd6f31c688aafe22a5ffcc9a14e6948d8df3d_1746365709.jpg?x-oss-process=image/resize
گردنبند طلا کم اجرت 18 عیار زنانه با زنجیر طرح کارتیه طلای کامک مدل اسپرت,"۲۶۰,۴۸۰,۲۰۰",۳.۳,https://dkstatics-public.digikala.com/digikala-products/f88ebf7c1f0070a2dbe1ff1487b8fb17fcd54541_1763471962.jpg?x-oss-process=image/resize
لپ تاپ 16 اینچی ایسوس مدل TUF Gaming F16 FX607VU-Core 7 240H-RTX4050 6GB-16GB DDR5 4800MHz-512GB SSD-FHD 144Hz,"۳۳۵,۹۹۰,۰۰۰",۴,https://dkstatics-public.digikala.com/digikala-products/df2265031d25bebaa836ece4e1073420b38eb75c_1781358595.jpg?x-oss-process=image/resize
شمش طلا 24 عیار ایران‌شمش مدل is-0.3,۳٪,۴.۵,https://dkstatics-public.digikala.com/digikala-products/9c1b444e8890c379bde37b27fd17b1e443809bb7_1740378477.jpg?x-oss-process=image/resize
تبلت 13 اینچی مایکروسافت مدل Surface Pro 11-Snapdragon X Elite OLED ظرفیت 512 گیگابایت و رم 16 گیگابایت,"۳۶۳,۰۰۰,۰۰۰",۴.۹,https://dkstatics-public.digikala.com/digikala-products/3a01af77394f6a26249225e97f7930156cf35489_1787918312.jpg?x-oss-process=image/resize
نیم ست طلا کم اجرت 18 عیار زنانه طلا و شمش برلیان مدل زنجیری,۲٪,NULL,https://dkstatics-public.digikala.com/digikala-products/e7168b1eaec3003fc186c5da88e52b7efa6d5489_1776251919.jpg?x-oss-process=image/resize
موتور سیکلت نیروموتور مدل احسان 200cc به همراه NFC سال 1405,"۲۹۶,۵۴۴,۶۰۰",NULL,https://dkstatics-public.digikala.com/digikala-products/23cdf03b966ef0f3f9f3e3797f340a00d155f22d_1789295554.jpg?x-oss-process=image/resize
ست طلا 18 عیار زنانه لیلیوم‌ گلد مدل DNCC49-29d البرنادو,"۳۷۳,۹۴۳,۰۶۰",NULL,https://dkstatics-public.digikala.com/digikala-products/1531342a05007ee31cee77e102d9bef2aa52552b_1720816313.jpg?x-oss-process=image/resize
لپ تاپ 15.6 اینچی ام اس آی مدل Katana 15 HX B14WFK-i9 14900HX-RTX5060 8GB-16GB DDR5 4800MHz-1TB SSD-QHD 165Hz,۳٪,NULL,https://dkstatics-public.digikala.com/digikala-products/60f8c6fc28af34d0faf46dcac17cc42277f86792_1779542212.jpg?x-oss-process=image/resize
دستبند زنجیری طلا 18 عیار زنانه شید گلد مدل کارتیه,"۲۶۲,۷۷۹,۰۷۰",NULL,https://dkstatics-public.digikala.com/digikala-products/18422a637bf1065be44de6e9de33cd95454acbaf_1756817101.jpg?x-oss-process=image/resize
تردمیل مدل باشگاهی فوردفیتنسFA5500AC,"۳۷۹,۰۰۰,۰۰۰",۳.۵,https://dkstatics-public.digikala.com/digikala-products/6d81a4b25a484b7dca1574a95dd77a7d2409cca9_1788860649.jpg?x-oss-process=image/resize
نیم ست طلا کم اجرت 18 عیار زنانه طلا و شمش برلیان مدل طنابی,۲٪,NULL,https://dkstatics-public.digikala.com/digikala-products/dafb3ed77f19daae140ffa3e6d99325ed1c6e93c_1769260785.jpg?x-oss-process=image/resize
انگشتر طلا 18 عیار زنانه الی گالری مدل پورتوفینو,"۳۲۰,۹۶۷,۹۶۰",NULL,https://dkstatics-public.digikala.com/digikala-products/64aaa4167cb429836cb758becf8cc4492ef86c75_1738838925.jpg?x-oss-process=image/resize
دستبند طلا کم اجرت 18 عیار زنانه گالری طلا و شمش برلیان مدل تیفانی کد 88,۲٪,۴.۵,https://dkstatics-public.digikala.com/digikala-products/05aad4a169d63864aa23e9a29a25fbe7a9274c08_1741007157.jpg?x-oss-process=image/resize
نیم ست طلا کم اجرت 18 عیار زنانه طلا و شمش برلیان مدل سرخپوستی کد 13,۲٪,NULL,https://dkstatics-public.digikala.com/digikala-products/6468137585e581ef606176a2317ddb1689522158_1747663268.jpg?x-oss-process=image/resize
لپ‌تاپ لنوو مدل LOQ 15IRX9 با پردازنده Core i7-13650HX و گرافیک RTX4050 6GB، رم DDR5 16GB با فرکانس 4800MHz، حافظه SSD با ظرفیت 512GB، نمایشگر 15.6 اینچ IPS با وضوح FHD و نرخ به‌روزرسانی 144 هرتز، دارای نور پس‌زمینه کیبورد,"۳۱۸,۸۰۰,۰۰۰",۴.۴,https://dkstatics-public.digikala.com/digikala-products/6d7c560a21242bfcfab7f385b0aeddff6515e996_1786538653.jpg?x-oss-process=image/resize
کامپیوتر همه کاره 23.8 اینچ ام اس آی مدل AM242P 1M-100U 8GB DDR5 500GB,۴٪,۴.۳,https://dkstatics-public.digikala.com/digikala-products/be43b2096800aa2b482e430635110e22f43b88bc_1719830935.jpg?x-oss-process=image/resize
ساچمه نقره مدل 995,"۲۷۰,۵۰۰,۰۰۰",۴.۶,https://dkstatics-public.digikala.com/digikala-products/d0a90abe0b9e0535b52414daa59aac0e3bc1a7f0_1769991227.jpg?x-oss-process=image/resize
یخچال فریزر دوقلو 32 فوت آخنبرگ مدل AB-TRF-180,"۳۵۵,۶۰۰,۰۰۰",NULL,https://dkstatics-public.digikala.com/digikala-products/f1d0fc0961186c607bc101133ceac3391fe7d06d_1784379238.jpg?x-oss-process=image/resize
ضبط کننده ویدیویی هایک ویژن مدل DS-9664NI-M8,"۳۶۵,۰۰۰,۰۰۰",NULL,https://dkstatics-public.digikala.com/digikala-products/a0a8d12f09b3f1c45ec6bf91e9bafa9e088fd847_1785586624.jpg?x-oss-process=image/resize
پاور استیشن پاورولوجی مدل PPBCHA86 ظرفیت 640000 میلی آمپر ساعت,"۳۵۰,۰۰۰,۰۰۰",NULL,https://dkstatics-public.digikala.com/digikala-products/7a8f86239c8d6eadf98e8be566c233259a291fe9_1756828526.jpg?x-oss-process=image/resize
موتورسیکلت کویر مدل MS1 50 سی سی سال 1405,"۴۱۸,۰۰۰,۰۰۰",NULL,https://dkstatics-public.digikala.com/digikala-products/13494630ea524eb087c00e60e3b834e3b065a8cb_1785836618.jpg?x-oss-process=image/resize
لپ‌تاپ لنوو مدل LOQ 15IRX9 با پردازنده Core i7-13650HX و گرافیک RTX4050 6GB، رم DDR5 24GB با فرکانس 4800MHz، حافظه SSD با ظرفیت 1TB، نمایشگر 15.6 اینچ IPS با وضح Full HD و نرخ به‌روزرسانی 144Hz، دارای نور پس‌زمینه کیبورد,"۳۴۹,۸۰۰,۰۰۰",۴.۸,https://dkstatics-public.digikala.com/digikala-products/7d84321a21a3d5b0efe44e061165135fd67639fc_1754253831.jpg?x-oss-process=image/resize
لپ تاپ 15.6 اینچی اچ‌ پی مدل Victus 15 Gaming fa2082wm-i5 13420H-RTX4050 6GB-32GB DDR4 3200MHz-1TB SSD-FHD 144Hz-W - کاستوم شده,"۲۷۳,۹۹۰,۰۰۰",۴.۸,https://dkstatics-public.digikala.com/digikala-products/2b0eaccab2ffd29a382c0b04bb0e642ff45a7bc9_1786538645.jpg?x-oss-process=image/resize
نیم ست طلا کم اجرت 18 عیار زنانه طلا و شمش برلیان مدل ورساچه,۲٪,NULL,https://dkstatics-public.digikala.com/digikala-products/585bbcb18492cf53c06e7491eeb2fe0fa4f7bb04_1764139536.jpg?x-oss-process=image/resize
لپ تاپ 15.6 اینچی لنوو مدل LOQ 15IRX9-i5 13450HX-24GB DDR5 4800MHz-512GB SSD-RTX3050 6GB-FHD 144Hz,"۲۷۹,۹۹۰,۰۰۰",۴.۷,https://dkstatics-public.digikala.com/digikala-products/f57c54ae72fb8b8a78f29c01d6a7222b71e83b06_1757404471.jpg?x-oss-process=image/resize
لپ‌تاپ 14 اینچی اچ‌ پی مدل EliteBook 8 G1i AI PC-Core Ultra 7 255U-16GB DDR5 5600MHz-1TB SSD-UWVA-Backlit - کاستوم شده,"۴۲۸,۰۰۰,۰۰۰",NULL,https://dkstatics-public.digikala.com/digikala-products/e0289d44580b5fb8e90b3cf58b1de5e4924869b3_1789218898.jpg?x-oss-process=image/resize
لپ تاپ 18 اینچی ایسوس مدل ROG STRIX G18 G815JMR-Core i7 14650HX-RTX5060 8GB-12GB DDR5 5600MHz-512GB SSD-WUXGA 144Hz-W - کاستوم شده,"۳۹۱,۰۰۰,۰۰۰",NULL,https://dkstatics-public.digikala.com/digikala-products/3c12b4c2301e61489369ea5774fca8ad0357ace5_1788943863.jpg?x-oss-process=image/resize
لپ تاپ 18 اینچی ایسوس مدل ROG STRIX G18 G815JMR-Core i7 14650HX-RTX5060 8GB-12GB DDR5 5600MHz-1TB SSD-WUXGA 144Hz-W - کاستوم شده,"۴۰۱,۰۰۰,۰۰۰",NULL,https://dkstatics-public.digikala.com/digikala-products/3c12b4c2301e61489369ea5774fca8ad0357ace5_1788943863.jpg?x-oss-process=image/resize
کامپیوتر همه کاره 23.8 اینچ ام اس آی مدل AM242P 1M-Core 3 100U-8GB DDR5 4800MHz-1TB SSD-IPS,"۲۹۷,۰۰۰,۰۰۰",۴,https://dkstatics-public.digikala.com/digikala-products/71d861070ba16fa0856ba9b011a54ccc5c6a2cce_1743857107.jpg?x-oss-process=image/resize
لپ‌تاپ لنوو مدل LOQ 15IRX9 با پردازنده Core i5-13450HX و گرافیک RTX3050 6GB، رم DDR5 24GB با فرکانس 4800MHz، حافظه SSD با ظرفیت 512GB، نمایشگر 15.6 اینچ IPS با وضوح Full HD و نرخ به‌روزرسانی 144Hz، دارای نور پس‌زمینه کیبورد، به همراه ماوس,"۲۷۸,۹۹۰,۰۰۰",۴.۱,https://dkstatics-public.digikala.com/digikala-products/00d11c18d6bee0955f56ef0474f3bf8d988702bc_1786538651.jpg?x-oss-process=image/resize
تبلت 13 اینچی مایکروسافت مدل Surface Pro 11-Snapdragon X Plus LCD ظرفیت 512 گیگابایت و رم 16 گیگابایت به همراه کیبورد Surface Pro Copilot,"۳۷۶,۱۸۰,۰۰۰",NULL,https://dkstatics-public.digikala.com/digikala-products/6c45aa84388bcd159583e1759cdd6c6f9624915a_1787918314.jpg?x-oss-process=image/resize
لپ‌تاپ 14 اینچی اچ‌ پی مدل EliteBook 8 G1i AI PC-Core Ultra 7 255U-16GB DDR5 5600MHz-512GB SSD-UWVA-Backlit,"۴۰۳,۴۰۰,۰۰۰",NULL,https://dkstatics-public.digikala.com/digikala-products/64c3d6e8a81613b703c95e0345c1cc57759330b7_1789216750.jpg?x-oss-process=image/resize
نیم ست طلا 18 عیار زنانه طلای کامک مدل ونکلیف,۵٪,NULL,https://dkstatics-public.digikala.com/digikala-products/0eb969bdf5cee9c88ca9b6cc4418bd139e63842f_1763269615.jpg?x-oss-process=image/resize
لپ تاپ 16 اینچی لنوو مدل ThinkBook 16 G8 IAL-Core Ultra 9 185H-16GB DDR5 5600MHz-1TB SSD-IPS 60Hz-Backlit-Fingerprint - کاستوم شده,"۳۰۹,۰۰۰,۰۰۰",NULL,https://dkstatics-public.digikala.com/digikala-products/b8e456737180e11be1da1976ef018103328b25b0_1784040372.jpg?x-oss-process=image/resize
شمش طلا 24 عیار مدل ایران شمش سیمرغ,۳٪,NULL,https://dkstatics-public.digikala.com/digikala-products/0b0a6c776ca8d5fa27bc1ba82ecef7e18127a17e_1769444567.jpg?x-oss-process=image/resize
کامپیوتر کوچک ایسوس مدل PB63 با پردازنده Core i7 14700 حافظه SSD با ظرفیت 512 گیگابایت رم DDR5 با ظرفیت 16 گیگابایت پردازنده گرافیکی Intel,"۲۷۰,۰۰۰,۰۰۰",NULL,https://dkstatics-public.digikala.com/digikala-products/d1b10871b270846cb9c0e98bebbbf3255f680088_1771396856.jpg?x-oss-process=image/resize
تبلت 13 اینچی مایکروسافت مدل Surface Pro 11-Snapdragon X Elite OLED ظرفیت 1 ترابایت و رم 16 گیگابایت,"۴۰۲,۴۹۰,۰۰۰",۳.۹,https://dkstatics-public.digikala.com/digikala-products/d21b3c3a11257b7e48c9fa77504871fbe1a1dded_1787918313.jpg?x-oss-process=image/resize
وب‌کم تنواو مدل 4K SONY SENSOR 4X Zoom mic speaker Whit Control,"۲۵۲,۰۰۰,۰۰۰",NULL,https://dkstatics-public.digikala.com/digikala-products/bedca6612088e04abe9ac35a9efd4f51c865e168_1698741978.jpg?x-oss-process=image/resize
تبلت 13 اینچ مایکروسافت مدل Surface Pro Snapdragon X2 Plus LCD 2026 ظرفیت 512 گیگابایت و رم 16 گیگابایت,"۳۸۴,۸۹۰,۰۰۰",NULL,https://dkstatics-public.digikala.com/digikala-products/5b63e2ab0efa3369fe045cfc10dfe5e8d69d3222_1782116365.jpg?x-oss-process=image/resize
کامپیوتر کوچک ایسوس مدل NUC14RVKU7 16-512,"۲۵۴,۴۰۰,۰۰۰",NULL,https://dkstatics-public.digikala.com/digikala-products/9440cc140b510dd2223aa6a3d04fc0a35497b81b_1734185332.jpg?x-oss-process=image/resize
کامپیوتر دسکتاپ تک زون مدل TZ12100F Gaming ProMax RTX,"۲۶۳,۲۰۰,۰۰۰",NULL,https://dkstatics-public.digikala.com/digikala-products/341a902b472436760e2df61259643069c7313e78_1754107282.jpg?x-oss-process=image/resize
لپ تاپ 17.3 اینچی ایسوس مدل TUF Gaming F17 FX707VJ-Core 5 210H-RTX3050 6GB-8GB DDR4 3200MHz-1TB SSD-FHD 144Hz - کاستوم شده,"۲۵۵,۰۰۰,۰۰۰",NULL,https://dkstatics-public.digikala.com/digikala-products/027231e17560149bfd39dcbad4f8b0858d1d91b9_1789458467.jpg?x-oss-process=image/resize
کولر گازی ایستاده 36000 دور ثابت هایسنس مدل HFH-36FM,۲٪,۳.۹,https://dkstatics-public.digikala.com/digikala-products/a36b6711f756bfe252ea791133a470cea8327bba_1787418077.jpg?x-oss-process=image/resize
انگشتر طلا 18 عیار زنانه مدل 1724,۴٪,NULL,https://dkstatics-public.digikala.com/digikala-products/fc097e09ce45d5b250043ff265d1163c62857ca9_1780390443.jpg?x-oss-process=image/resize
انگشتر طلا 18 عیار زنانه کد R154,"۲۵۳,۱۷۴,۲۲۰",NULL,https://dkstatics-public.digikala.com/digikala-products/113396627.jpg?x-oss-process=image/resize
موتورسیکلت دینو مدل باکسر 200 سی سی سال 1404,"۳۷۴,۶۳۵,۸۰۰",۳,https://dkstatics-public.digikala.com/digikala-products/c57b4edb3a0a2439cd5ed9518bbac87df02213ba_1783232775.jpg?x-oss-process=image/resize
موتورسیکلت نیکتاز موتور طرح باکسر 200 سی سی سال 1404,۴٪,NULL,https://dkstatics-public.digikala.com/digikala-products/abc11f1a6081f763b63afef6bcf00f6f03458be5_1789399269.jpg?x-oss-process=image/resize
کامپیوتر همه کاره 27 اینچ ام اس آی مدل AP272P 14M -I5 14400 16GB DDR5 1TB UHD,"۳۲۲,۰۰۰,۰۰۰",۴.۶,https://dkstatics-public.digikala.com/digikala-products/3a4891324badbde72e366d68a5847da888361a93_1737966382.jpg?x-oss-process=image/resize
لپ تاپ 15.6 اینچی ام اس آی مدل Katana 15 HX B14WFK-i9 14900HX-RTX5060 8GB-32GB DDR5 4800MHz-1TB SSD-QHD 165Hz,"۴۲۵,۸۵۴,۲۴۰",NULL,https://dkstatics-public.digikala.com/digikala-products/60f8c6fc28af34d0faf46dcac17cc42277f86792_1779520152.jpg?x-oss-process=image/resize
ساعت هوشمند گارمین مدل Fenix 8 - 43mm AMOLED، مناسب برای ورزش، نمایش میزان ضربان قلب، کنترل سطح اکسیژن خون، بند سیلیکون,"۳۴۵,۲۰۰,۰۰۰",NULL,https://dkstatics-public.digikala.com/digikala-products/4cd376f7e0a9ae965cbd519203eaaa930530ee91_1734797603.jpg?x-oss-process=image/resize
آویز گردنبند طلا 18 عیار زنانه نیکان گلد مدل ماه و گل,۳٪,۱,https://dkstatics-public.digikala.com/digikala-products/04379a4d366d339a9e16f0578b37831834a9b51b_1736793748.jpg?x-oss-process=image/resize
کامپیوتر همه کاره 27 اینچ ام اس آی مدل AP272P 14M -I7 14700 16GB DDR5 1TB UHD,"۳۸۲,۰۰۰,۰۰۰",۵,https://dkstatics-public.digikala.com/digikala-products/3a4891324badbde72e366d68a5847da888361a93_1737966524.jpg?x-oss-process=image/resize
کامپیوتر دسکتاپ تک زون مدل TZ13100F Gaming ProMax RTX,"۲۵۲,۰۰۰,۰۰۰",NULL,https://dkstatics-public.digikala.com/digikala-products/341a902b472436760e2df61259643069c7313e78_1754108777.jpg?x-oss-process=image/resize
شمش نقره مدل 1000,"۲۸۲,۰۰۰,۰۰۰",۵,https://dkstatics-public.digikala.com/digikala-products/10ad8f5c5d208be61762c530166fda205f206687_1753386273.jpg?x-oss-process=image/resize
شمش طلا 24 عیار ایران‌شمش مدل Z1176,۵٪,۵,https://dkstatics-public.digikala.com/digikala-products/bfc6f25d3b3a06eab06278f6ed09d6c7d67b9f7c_1769512560.jpg?x-oss-process=image/resize
شمش طلا 24 عیار ایران‌شمش مدل سیمرغ کد T-2,۳٪,۴.۳,https://dkstatics-public.digikala.com/digikala-products/8771df1e5cdef2cab04b976b348102d3557aac7a_1741435042.jpg?x-oss-process=image/resize
انگشتر طلا 18 عیار زنانه الی گالری مدل دو اشک دامله,"۲۵۳,۳۹۵,۷۶۰",NULL,https://dkstatics-public.digikala.com/digikala-products/cbb15a92937a27c20c916c2cb2ea390d9c5b3f19_1750930588.jpg?x-oss-process=image/resize
سکه گرمی طلا 18 عیار ماربر مدل 1.5G بسته 10 عددی,۵٪,NULL,https://dkstatics-public.digikala.com/digikala-products/f939c8f5c1b3021f074f8b3a9879836cd1b46d3b_1781527436.jpg?x-oss-process=image/resize
شمش طلا 24 عیار ایران شمش مدل سیمرغ کد T-0.2,۳٪,۴.۶,https://dkstatics-public.digikala.com/digikala-products/c24cbcc647d77a70fcd3cfa9845cb129484436b1_1741524892.jpg?x-oss-process=image/resize
کامپیوتر کوچک ایسوس مدل PB63 با پردازنده Core i7 14700 حافظه SSD با ظرفیت 256 گیگابایت رم DDR5 با ظرفیت 16 گیگابایت پردازنده گرافیکی Intel,"۲۵۰,۰۰۰,۰۰۰",NULL,https://dkstatics-public.digikala.com/digikala-products/d1b10871b270846cb9c0e98bebbbf3255f680088_1771760488.jpg?x-oss-process=image/resize
شمش طلا 24 عیار ایران‌شمش مدل سیمرغ کد T-0.9,۳٪,۳.۴,https://dkstatics-public.digikala.com/digikala-products/adedda27a67a4eafc2d7b5f3c21966ec6760fcc0_1746620413.jpg?x-oss-process=image/resize
موتور برق بنزینی 13.5 اسب بخار هیوندای مدل HG-1017,"۲۶۹,۷۶۳,۰۰۰",۵,https://dkstatics-public.digikala.com/digikala-products/a610efe1d612aeca5307c96d956eab6d50c92692_1782044383.jpg?x-oss-process=image/resize
تلویزیون 65 اینچ اولد هوشمند ال جی مدل OLED65C5PUA,"۳۵۵,۰۰۰,۰۰۰",۵,https://dkstatics-public.digikala.com/digikala-products/2bdfdb786dc9ebfaa4498c0ecb54d540995224aa_1771333615.jpg?x-oss-process=image/resize
گردنبند طلا 18 عیار زنانه گالری شیدا مجد مدل پونتو و تخمه,"۳۲۵,۴۷۱,۹۰۰",NULL,https://dkstatics-public.digikala.com/digikala-products/7a180662404b8b6a113f62a1c68d0efeade0071e_1722776675.jpg?x-oss-process=image/resize
شمش طلا 24 عیار ایران‌شمش مدل سیمرغ کد T-5,۳٪,۴.۲,https://dkstatics-public.digikala.com/digikala-products/d5fbfe4a7e767340e1c9c451a0537d6d9a49866d_1746620573.jpg?x-oss-process=image/resize
عینک واقعیت مجازی وایو مدل Vive Pro 2 full kit,"۲۹۰,۰۰۰,۰۰۰",NULL,https://dkstatics-public.digikala.com/digikala-products/787c1219c53f7454d1eb3782d9b197a7a809c056_1719669235.jpg?x-oss-process=image/resize
تبلت گرافیکی ایکس پی-پن مدل Artist Display 24,"۲۸۹,۹۱۰,۰۰۰",۵,https://dkstatics-public.digikala.com/digikala-products/27de2ce3cbfbde5eba72e47b7ed743584b20f17a_1708692615.jpg?x-oss-process=image/resize
یخچال و فریزر دوقلو 40 فوت دوو مدل DLR-2030 / DLF-2030,"۲۵۵,۰۰۰,۰۰۰",۴.۴,https://dkstatics-public.digikala.com/digikala-products/f1640804d19e75466883e43012df7eb02a8895ef_1691852211.jpg?x-oss-process=image/resize
انگشتر طلا ۱8 عیار زنانه کد 01060,۴٪,NULL,https://dkstatics-public.digikala.com/digikala-products/114493955.jpg?x-oss-process=image/resize
کامپیوتر کوچک ایسوس مدل PB63 با پردازنده Core i7 14700 حافظه SSD با ظرفیت 512 گیگابایت رم DDR5 با ظرفیت هشت گیگابایت پردازنده گرافیکی Intel,"۲۵۰,۰۰۰,۰۰۰",NULL,https://dkstatics-public.digikala.com/digikala-products/d1b10871b270846cb9c0e98bebbbf3255f680088_1771753303.jpg?x-oss-process=image/resize
شمش طلا 24 عیار ایران‌شمش مدل Z1078,۳٪,۴.۳,https://dkstatics-public.digikala.com/digikala-products/a244a6f40e85f3525058a14578f7c3b2977f5a15_1760882642.jpg?x-oss-process=image/resize
یخچال و فریزر ساید بای ساید 32 فوت اسنوا مدل S2Di-M210-W,"۲۵۵,۰۰۰,۰۰۰",۳.۷,https://dkstatics-public.digikala.com/digikala-products/a6f7a0e344e2acc3f74094640ca61bd5f66130a3_1754236523.jpg?x-oss-process=image/resize
لپ تاپ 15.6 اینچی اچ‌ پی مدل Victus 15 fa2317tx-i7 13620H-RTX4050 6GB-16GB DDR4 3200MHz-512GB SSD-FHD 144Hz,"۲۸۸,۷۲۴,۶۲۰",۴.۷,https://dkstatics-public.digikala.com/digikala-products/6ac95f2a849d0ce48f3bc30bf02794b0c24eaafe_1756978337.jpg?x-oss-process=image/resize
لپ تاپ 14 اینچی اچ‌ پی مدل OmniBook X FlipNGAI 14-kb0023dx-Core Ultra 7 355-24GB LPDDR5X 8533MHz-1TB SSD-Touch-Backlit-W,۲۰٪,NULL,https://dkstatics-public.digikala.com/digikala-products/58a143f7553596cb5e3955516b3463a193d75ad2_1789388847.jpg?x-oss-process=image/resize
موتور سیکلت انژکتوری کویر موتور مدل اس 2 150 سی سی,"۴۱۵,۰۰۰,۰۰۰",NULL,https://dkstatics-public.digikala.com/digikala-products/debfb00ae008c8f37f55b0cdb9ea156b2557e881_1788529757.jpg?x-oss-process=image/resize
کارت گرافیک ام اس آی مدل GeForce RTX 4080 Super 16GB GAMING X SLIM,"۴۲۷,۰۰۰,۰۰۰",NULL,https://dkstatics-public.digikala.com/digikala-products/d2485a690a923f155748a0d2265f25687cc4bae4_1741421776.jpg?x-oss-process=image/resize
شمش طلا 24 عیـار تـوکـنیـکـو مـدل A - 10,۷٪,۴.۴,https://dkstatics-public.digikala.com/digikala-products/f715550009530a066a23bbcee4c8d1ed966ba4ec_1769071476.jpg?x-oss-process=image/resize
پاور استیشن 1800 وات اکوفلو مدل DELTA 3 ظرفیت 320000 میلی آمپر ساعت به همراه پنل خورشیدی ۲۰۰ واتی,"۳۵۰,۰۰۰,۰۰۰",NULL,https://dkstatics-public.digikala.com/digikala-products/da3787ac65cb6945ae7dd118f8b3b8e70b26b749_1785674089.jpg?x-oss-process=image/resize
لپ تاپ 16 اینچی لنوو مدل ThinkBook 16 G8 IAL-Core Ultra 9 185H-32GB DDR5 5600MHz-1TB SSD-IPS 60Hz-Backlit-Fingerprint - کاستوم شده,"۳۶۸,۸۰۰,۰۰۰",NULL,https://dkstatics-public.digikala.com/digikala-products/8d205babdc2f8ed5ca99e43b5922cb45ec4b7a07_1784108841.jpg?x-oss-process=image/resize
سکه گرمی 18 عیار پارسیان طلای رادا مدل 2000 بسته ۵ عددی,"۲۹۸,۵۳۵,۲۴۰",۴.۸,https://dkstatics-public.digikala.com/digikala-products/fd4b5114cae5712277524669d465bee3e6497b47_1770387657.jpg?x-oss-process=image/resize
گردنبند طلا کم اجرت 18 عیار زنانه با زنجیر طرح هرمس دوست خوب مدل Dk006,"۲۶۹,۴۸۷,۵۱۰",NULL,https://dkstatics-public.digikala.com/digikala-products/237d0e39b6cb5deaae72d00e9a0778cee36b6fe8_1782459972.jpg?x-oss-process=image/resize
شمش طلا 24 عیار ایران‌شمش مدل سیمرغ کد T-1500,۳٪,۴.۲,https://dkstatics-public.digikala.com/digikala-products/d3ddd6f31c688aafe22a5ffcc9a14e6948d8df3d_1764238637.jpg?x-oss-process=image/resize
نیم ست طلا 18 عیار زنانه طلای مستجابی مدل هرمس کد 8647 T1524,۷٪,NULL,https://dkstatics-public.digikala.com/digikala-products/4a207c84794048c435d0cde2d0921f926535bac2_1759144930.jpg?x-oss-process=image/resize
شمش طلا 18 عیار طلای محمد مدل 8000,"۳۰۰,۹۸۸,۵۱۰",۳.۷,https://dkstatics-public.digikala.com/digikala-products/6acfc2c0d44ae966596e5217084bdfdf24bfc59f_1596866881.jpg?x-oss-process=image/resize
کامپیوتر دسکتاپ تک زون مدل TZ14400F Gaming ProMax RTX,"۲۶۰,۹۶۰,۰۰۰",NULL,https://dkstatics-public.digikala.com/digikala-products/9cc789a1ff696055fe4c6ad8d72db041fa7f67d1_1754118385.jpg?x-oss-process=image/resize
باتری لیتیومی گروات مدل HOPE 5.0L/LW-B1 ظرفیت 5.5 کیلووات ساعت,"۲۸۵,۰۰۰,۰۰۰",۳,https://dkstatics-public.digikala.com/digikala-products/0b5a28b724aa5f690b2674056573e5f306b6b161_1765624587.jpg?x-oss-process=image/resize
شمش طلا 24 عیار ایران‌شمش مدل سیمرغ کد T-0.7,۳٪,۵,https://dkstatics-public.digikala.com/digikala-products/e201795d7c5d981e56238806df4b9d530250243c_1746617497.jpg?x-oss-process=image/resize
موتور سیکلت انژکتوری کبیرموتور مدل طرح هوندا کلیک 170ccسال 1405,"۴۱۸,۰۰۰,۰۰۰",NULL,https://dkstatics-public.digikala.com/digikala-products/8d25dea69bd6628ed9736c369e20eac2005bda68_1789327230.jpg?x-oss-process=image/resize
زنجیر طلا 18 عیار زنانه مدل زنجیری,"۳۸۶,۴۸۱,۴۵۰",۳,https://dkstatics-public.digikala.com/digikala-products/f25850f91c610ce861f8ba5627104496022097df_1666620330.jpg?x-oss-process=image/resize
شمش طلا 24 عیار ایران‌شمش مدل سیمرغ کد T-0.25,۳٪,۴,https://dkstatics-public.digikala.com/digikala-products/c63fce07b1e174bfff041c0e0494fadb468b1c0e_1746616943.jpg?x-oss-process=image/resize
کامپیوتر کوچک ایسوس مدل PB63 با پردازنده Core i7 14700 حافظه SSD با ظرفیت 1 ترابایت رم DDR5 با ظرفیت 32 گیگابایت پردازنده گرافیکی Intel,"۳۱۰,۰۰۰,۰۰۰",NULL,https://dkstatics-public.digikala.com/digikala-products/d1b10871b270846cb9c0e98bebbbf3255f680088_1771669416.jpg?x-oss-process=image/resize
ساچمه نقره پارسیس مدل ns-prs-400,۱۰٪,NULL,https://dkstatics-public.digikala.com/digikala-products/cf0fdbec32d45c529d9d55c7acfeda5d7a699208_1769957288.jpg?x-oss-process=image/resize
